Temp AB-vei,Time,Celsius(°C),Comments,Serial Number
1,2022-01-04 15:00:00,4.0,,060039020
2,2022-01-04 15:01:00,4.0,
3,2022-01-04 15:02:00,4.0,
4,2022-01-04 15:03:00,4.0,
5,2022-01-04 15:04:00,4.0,
6,2022-01-04 15:05:00,4.0,
7,2022-01-04 15:06:00,4.0,
8,2022-01-04 15:07:00,4.0,
9,2022-01-04 15:08:00,4.0,
10,2022-01-04 15:09:00,4.0,
11,2022-01-04 15:10:00,4.0,
12,2022-01-04 15:11:00,4.0,
13,2022-01-04 15:12:00,4.0,
14,2022-01-04 15:13:00,4.0,
15,2022-01-04 15:14:00,4.0,
16,2022-01-04 15:15:00,4.0,
17,2022-01-04 15:16:00,4.0,
18,2022-01-04 15:17:00,4.0,
19,2022-01-04 15:18:00,4.0,
20,2022-01-04 15:19:00,4.0,
21,2022-01-04 15:20:00,4.0,
22,2022-01-04 15:21:00,4.0,
23,2022-01-04 15:22:00,4.0,
24,2022-01-04 15:23:00,4.0,
25,2022-01-04 15:24:00,4.0,
26,2022-01-04 15:25:00,4.0,
27,2022-01-04 15:26:00,4.0,
28,2022-01-04 15:27:00,4.0,
29,2022-01-04 15:28:00,4.0,
30,2022-01-04 15:29:00,4.0,
31,2022-01-04 15:30:00,4.0,
32,2022-01-04 15:31:00,4.0,
33,2022-01-04 15:32:00,3.5,
34,2022-01-04 15:33:00,3.5,
35,2022-01-04 15:34:00,3.5,
36,2022-01-04 15:35:00,3.5,
37,2022-01-04 15:36:00,3.5,
38,2022-01-04 15:37:00,3.5,
39,2022-01-04 15:38:00,3.0,
40,2022-01-04 15:39:00,3.0,
41,2022-01-04 15:40:00,3.0,
42,2022-01-04 15:41:00,3.0,
43,2022-01-04 15:42:00,3.0,
44,2022-01-04 15:43:00,3.0,
45,2022-01-04 15:44:00,3.0,
46,2022-01-04 15:45:00,3.0,
47,2022-01-04 15:46:00,3.0,
48,2022-01-04 15:47:00,3.0,
49,2022-01-04 15:48:00,3.0,
50,2022-01-04 15:49:00,3.0,
51,2022-01-04 15:50:00,3.0,
52,2022-01-04 15:51:00,3.0,
53,2022-01-04 15:52:00,3.0,
54,2022-01-04 15:53:00,3.0,
55,2022-01-04 15:54:00,3.0,
56,2022-01-04 15:55:00,3.0,
57,2022-01-04 15:56:00,3.0,
58,2022-01-04 15:57:00,3.0,
59,2022-01-04 15:58:00,3.0,
60,2022-01-04 15:59:00,3.0,
61,2022-01-04 16:00:00,3.0,
62,2022-01-04 16:01:00,3.0,
63,2022-01-04 16:02:00,3.0,
64,2022-01-04 16:03:00,2.5,
65,2022-01-04 16:04:00,2.5,
66,2022-01-04 16:05:00,2.5,
67,2022-01-04 16:06:00,2.5,
68,2022-01-04 16:07:00,2.5,
69,2022-01-04 16:08:00,2.5,
70,2022-01-04 16:09:00,2.5,
71,2022-01-04 16:10:00,2.5,
72,2022-01-04 16:11:00,2.5,
73,2022-01-04 16:12:00,2.5,
74,2022-01-04 16:13:00,2.5,
75,2022-01-04 16:14:00,2.5,
76,2022-01-04 16:15:00,2.5,
77,2022-01-04 16:16:00,2.5,
78,2022-01-04 16:17:00,2.5,
79,2022-01-04 16:18:00,2.5,
80,2022-01-04 16:19:00,2.5,
81,2022-01-04 16:20:00,2.5,
82,2022-01-04 16:21:00,3.0,
83,2022-01-04 16:22:00,3.0,
84,2022-01-04 16:23:00,3.0,
85,2022-01-04 16:24:00,3.0,
86,2022-01-04 16:25:00,3.0,
87,2022-01-04 16:26:00,3.0,
88,2022-01-04 16:27:00,3.0,
89,2022-01-04 16:28:00,3.0,
90,2022-01-04 16:29:00,3.0,
91,2022-01-04 16:30:00,3.0,
92,2022-01-04 16:31:00,3.0,
93,2022-01-04 16:32:00,3.0,
94,2022-01-04 16:33:00,3.0,
95,2022-01-04 16:34:00,3.0,
96,2022-01-04 16:35:00,3.0,
97,2022-01-04 16:36:00,3.0,
98,2022-01-04 16:37:00,3.0,
99,2022-01-04 16:38:00,3.0,
100,2022-01-04 16:39:00,3.0,
101,2022-01-04 16:40:00,3.5,
102,2022-01-04 16:41:00,3.5,
103,2022-01-04 16:42:00,3.5,
104,2022-01-04 16:43:00,3.5,
105,2022-01-04 16:44:00,3.5,
106,2022-01-04 16:45:00,3.5,
107,2022-01-04 16:46:00,3.5,
108,2022-01-04 16:47:00,3.5,
109,2022-01-04 16:48:00,3.5,
110,2022-01-04 16:49:00,3.5,
111,2022-01-04 16:50:00,3.5,
112,2022-01-04 16:51:00,3.5,
113,2022-01-04 16:52:00,3.5,
114,2022-01-04 16:53:00,3.5,
115,2022-01-04 16:54:00,3.5,
116,2022-01-04 16:55:00,3.5,
117,2022-01-04 16:56:00,3.5,
118,2022-01-04 16:57:00,3.5,
119,2022-01-04 16:58:00,3.5,
120,2022-01-04 16:59:00,3.5,
121,2022-01-04 17:00:00,3.5,
122,2022-01-04 17:01:00,3.5,
123,2022-01-04 17:02:00,3.5,
124,2022-01-04 17:03:00,3.5,
125,2022-01-04 17:04:00,3.5,
126,2022-01-04 17:05:00,3.5,
127,2022-01-04 17:06:00,3.5,
128,2022-01-04 17:07:00,3.5,
129,2022-01-04 17:08:00,3.5,
130,2022-01-04 17:09:00,3.5,
131,2022-01-04 17:10:00,3.5,
132,2022-01-04 17:11:00,3.5,
133,2022-01-04 17:12:00,3.5,
134,2022-01-04 17:13:00,3.5,
135,2022-01-04 17:14:00,3.5,
136,2022-01-04 17:15:00,3.5,
137,2022-01-04 17:16:00,3.5,
138,2022-01-04 17:17:00,3.5,
139,2022-01-04 17:18:00,3.5,
140,2022-01-04 17:19:00,3.5,
141,2022-01-04 17:20:00,3.5,
142,2022-01-04 17:21:00,3.5,
143,2022-01-04 17:22:00,3.5,
144,2022-01-04 17:23:00,3.5,
145,2022-01-04 17:24:00,3.5,
146,2022-01-04 17:25:00,3.5,
147,2022-01-04 17:26:00,3.5,
148,2022-01-04 17:27:00,3.5,
149,2022-01-04 17:28:00,3.5,
150,2022-01-04 17:29:00,3.5,
151,2022-01-04 17:30:00,3.5,
152,2022-01-04 17:31:00,3.5,
153,2022-01-04 17:32:00,3.5,
154,2022-01-04 17:33:00,3.5,
155,2022-01-04 17:34:00,3.5,
156,2022-01-04 17:35:00,3.5,
157,2022-01-04 17:36:00,3.5,
158,2022-01-04 17:37:00,3.5,
159,2022-01-04 17:38:00,3.5,
160,2022-01-04 17:39:00,3.5,
161,2022-01-04 17:40:00,3.5,
162,2022-01-04 17:41:00,3.5,
163,2022-01-04 17:42:00,3.5,
164,2022-01-04 17:43:00,3.5,
165,2022-01-04 17:44:00,3.5,
166,2022-01-04 17:45:00,3.5,
167,2022-01-04 17:46:00,3.5,
168,2022-01-04 17:47:00,3.0,
169,2022-01-04 17:48:00,3.0,
170,2022-01-04 17:49:00,3.0,
171,2022-01-04 17:50:00,3.0,
172,2022-01-04 17:51:00,3.0,
173,2022-01-04 17:52:00,3.0,
174,2022-01-04 17:53:00,3.0,
175,2022-01-04 17:54:00,3.0,
176,2022-01-04 17:55:00,3.0,
177,2022-01-04 17:56:00,3.0,
178,2022-01-04 17:57:00,3.0,
179,2022-01-04 17:58:00,3.0,
180,2022-01-04 17:59:00,3.0,
181,2022-01-04 18:00:00,3.0,
182,2022-01-04 18:01:00,3.0,
183,2022-01-04 18:02:00,3.0,
184,2022-01-04 18:03:00,3.0,
185,2022-01-04 18:04:00,3.0,
186,2022-01-04 18:05:00,3.0,
187,2022-01-04 18:06:00,3.0,
188,2022-01-04 18:07:00,3.0,
189,2022-01-04 18:08:00,3.0,
190,2022-01-04 18:09:00,3.0,
191,2022-01-04 18:10:00,3.0,
192,2022-01-04 18:11:00,3.0,
193,2022-01-04 18:12:00,3.0,
194,2022-01-04 18:13:00,3.0,
195,2022-01-04 18:14:00,3.0,
196,2022-01-04 18:15:00,3.0,
197,2022-01-04 18:16:00,3.0,
198,2022-01-04 18:17:00,3.0,
199,2022-01-04 18:18:00,3.0,
200,2022-01-04 18:19:00,3.0,
201,2022-01-04 18:20:00,2.5,
202,2022-01-04 18:21:00,2.5,
203,2022-01-04 18:22:00,2.5,
204,2022-01-04 18:23:00,2.5,
205,2022-01-04 18:24:00,2.5,
206,2022-01-04 18:25:00,2.5,
207,2022-01-04 18:26:00,2.5,
208,2022-01-04 18:27:00,2.5,
209,2022-01-04 18:28:00,2.5,
210,2022-01-04 18:29:00,2.5,
211,2022-01-04 18:30:00,2.5,
212,2022-01-04 18:31:00,2.5,
213,2022-01-04 18:32:00,2.5,
214,2022-01-04 18:33:00,2.5,
215,2022-01-04 18:34:00,2.5,
216,2022-01-04 18:35:00,2.5,
217,2022-01-04 18:36:00,2.5,
218,2022-01-04 18:37:00,2.5,
219,2022-01-04 18:38:00,2.5,
220,2022-01-04 18:39:00,2.5,
221,2022-01-04 18:40:00,2.5,
222,2022-01-04 18:41:00,2.5,
223,2022-01-04 18:42:00,2.5,
224,2022-01-04 18:43:00,2.5,
225,2022-01-04 18:44:00,2.5,
226,2022-01-04 18:45:00,2.5,
227,2022-01-04 18:46:00,2.5,
228,2022-01-04 18:47:00,2.5,
229,2022-01-04 18:48:00,2.5,
230,2022-01-04 18:49:00,2.5,
231,2022-01-04 18:50:00,2.5,
232,2022-01-04 18:51:00,2.5,
233,2022-01-04 18:52:00,2.5,
234,2022-01-04 18:53:00,2.5,
235,2022-01-04 18:54:00,2.5,
236,2022-01-04 18:55:00,2.5,
237,2022-01-04 18:56:00,2.5,
238,2022-01-04 18:57:00,2.5,
239,2022-01-04 18:58:00,2.5,
240,2022-01-04 18:59:00,2.5,
241,2022-01-04 19:00:00,2.5,
242,2022-01-04 19:01:00,2.5,
243,2022-01-04 19:02:00,2.5,
244,2022-01-04 19:03:00,2.5,
245,2022-01-04 19:04:00,2.5,
246,2022-01-04 19:05:00,2.5,
247,2022-01-04 19:06:00,2.5,
248,2022-01-04 19:07:00,2.5,
249,2022-01-04 19:08:00,2.5,
250,2022-01-04 19:09:00,2.5,
251,2022-01-04 19:10:00,2.5,
252,2022-01-04 19:11:00,2.5,
253,2022-01-04 19:12:00,2.5,
254,2022-01-04 19:13:00,2.5,
255,2022-01-04 19:14:00,2.5,
256,2022-01-04 19:15:00,2.5,
257,2022-01-04 19:16:00,2.5,
258,2022-01-04 19:17:00,2.5,
259,2022-01-04 19:18:00,2.5,
260,2022-01-04 19:19:00,2.5,
261,2022-01-04 19:20:00,2.5,
262,2022-01-04 19:21:00,2.5,
263,2022-01-04 19:22:00,2.5,
264,2022-01-04 19:23:00,2.5,
265,2022-01-04 19:24:00,2.5,
266,2022-01-04 19:25:00,2.5,
267,2022-01-04 19:26:00,2.5,
268,2022-01-04 19:27:00,2.5,
269,2022-01-04 19:28:00,2.5,
270,2022-01-04 19:29:00,2.5,
271,2022-01-04 19:30:00,2.5,
272,2022-01-04 19:31:00,2.5,
273,2022-01-04 19:32:00,2.5,
274,2022-01-04 19:33:00,2.5,
275,2022-01-04 19:34:00,2.5,
276,2022-01-04 19:35:00,2.5,
277,2022-01-04 19:36:00,2.5,
278,2022-01-04 19:37:00,2.5,
279,2022-01-04 19:38:00,2.5,
280,2022-01-04 19:39:00,2.5,
281,2022-01-04 19:40:00,2.5,
282,2022-01-04 19:41:00,2.5,
283,2022-01-04 19:42:00,2.5,
284,2022-01-04 19:43:00,2.5,
285,2022-01-04 19:44:00,2.5,
286,2022-01-04 19:45:00,2.5,
287,2022-01-04 19:46:00,2.5,
288,2022-01-04 19:47:00,2.5,
289,2022-01-04 19:48:00,2.5,
290,2022-01-04 19:49:00,2.5,
291,2022-01-04 19:50:00,2.5,
292,2022-01-04 19:51:00,2.5,
293,2022-01-04 19:52:00,2.5,
294,2022-01-04 19:53:00,2.5,
295,2022-01-04 19:54:00,2.5,
296,2022-01-04 19:55:00,2.5,
297,2022-01-04 19:56:00,2.5,
298,2022-01-04 19:57:00,2.5,
299,2022-01-04 19:58:00,2.5,
300,2022-01-04 19:59:00,2.5,
301,2022-01-04 20:00:00,2.5,
302,2022-01-04 20:01:00,2.5,
303,2022-01-04 20:02:00,2.5,
304,2022-01-04 20:03:00,2.5,
305,2022-01-04 20:04:00,2.5,
306,2022-01-04 20:05:00,2.5,
307,2022-01-04 20:06:00,2.5,
308,2022-01-04 20:07:00,2.5,
309,2022-01-04 20:08:00,2.5,
310,2022-01-04 20:09:00,2.5,
311,2022-01-04 20:10:00,2.5,
312,2022-01-04 20:11:00,2.5,
313,2022-01-04 20:12:00,2.5,
314,2022-01-04 20:13:00,2.5,
315,2022-01-04 20:14:00,2.5,
316,2022-01-04 20:15:00,2.5,
317,2022-01-04 20:16:00,2.5,
318,2022-01-04 20:17:00,2.5,
319,2022-01-04 20:18:00,2.5,
320,2022-01-04 20:19:00,2.5,
321,2022-01-04 20:20:00,2.5,
322,2022-01-04 20:21:00,2.5,
323,2022-01-04 20:22:00,2.5,
324,2022-01-04 20:23:00,2.5,
325,2022-01-04 20:24:00,2.5,
326,2022-01-04 20:25:00,2.5,
327,2022-01-04 20:26:00,2.5,
328,2022-01-04 20:27:00,2.5,
329,2022-01-04 20:28:00,2.5,
330,2022-01-04 20:29:00,2.5,
331,2022-01-04 20:30:00,2.5,
332,2022-01-04 20:31:00,3.0,
333,2022-01-04 20:32:00,3.0,
334,2022-01-04 20:33:00,3.0,
335,2022-01-04 20:34:00,3.0,
336,2022-01-04 20:35:00,3.0,
337,2022-01-04 20:36:00,3.0,
338,2022-01-04 20:37:00,3.0,
339,2022-01-04 20:38:00,3.0,
340,2022-01-04 20:39:00,3.0,
341,2022-01-04 20:40:00,3.0,
342,2022-01-04 20:41:00,3.0,
343,2022-01-04 20:42:00,3.0,
344,2022-01-04 20:43:00,3.0,
345,2022-01-04 20:44:00,3.0,
346,2022-01-04 20:45:00,3.0,
347,2022-01-04 20:46:00,3.0,
348,2022-01-04 20:47:00,3.0,
349,2022-01-04 20:48:00,3.0,
350,2022-01-04 20:49:00,3.0,
351,2022-01-04 20:50:00,3.0,
352,2022-01-04 20:51:00,3.0,
353,2022-01-04 20:52:00,3.0,
354,2022-01-04 20:53:00,3.0,
355,2022-01-04 20:54:00,3.0,
356,2022-01-04 20:55:00,3.0,
357,2022-01-04 20:56:00,3.0,
358,2022-01-04 20:57:00,3.0,
359,2022-01-04 20:58:00,3.0,
360,2022-01-04 20:59:00,3.0,
361,2022-01-04 21:00:00,3.0,
362,2022-01-04 21:01:00,3.0,
363,2022-01-04 21:02:00,3.0,
364,2022-01-04 21:03:00,3.0,
365,2022-01-04 21:04:00,3.0,
366,2022-01-04 21:05:00,3.0,
367,2022-01-04 21:06:00,3.0,
368,2022-01-04 21:07:00,3.0,
369,2022-01-04 21:08:00,3.0,
370,2022-01-04 21:09:00,3.0,
371,2022-01-04 21:10:00,3.0,
372,2022-01-04 21:11:00,3.0,
373,2022-01-04 21:12:00,3.0,
374,2022-01-04 21:13:00,2.5,
375,2022-01-04 21:14:00,2.5,
376,2022-01-04 21:15:00,2.5,
377,2022-01-04 21:16:00,2.5,
378,2022-01-04 21:17:00,2.5,
379,2022-01-04 21:18:00,2.5,
380,2022-01-04 21:19:00,2.5,
381,2022-01-04 21:20:00,2.5,
382,2022-01-04 21:21:00,2.5,
383,2022-01-04 21:22:00,2.5,
384,2022-01-04 21:23:00,2.5,
385,2022-01-04 21:24:00,2.5,
386,2022-01-04 21:25:00,2.5,
387,2022-01-04 21:26:00,2.5,
388,2022-01-04 21:27:00,2.5,
389,2022-01-04 21:28:00,2.5,
390,2022-01-04 21:29:00,2.5,
391,2022-01-04 21:30:00,2.5,
392,2022-01-04 21:31:00,2.5,
393,2022-01-04 21:32:00,2.5,
394,2022-01-04 21:33:00,2.5,
395,2022-01-04 21:34:00,2.5,
396,2022-01-04 21:35:00,2.5,
397,2022-01-04 21:36:00,2.5,
398,2022-01-04 21:37:00,2.5,
399,2022-01-04 21:38:00,2.5,
400,2022-01-04 21:39:00,2.5,
401,2022-01-04 21:40:00,2.5,
402,2022-01-04 21:41:00,2.5,
403,2022-01-04 21:42:00,2.5,
404,2022-01-04 21:43:00,2.5,
405,2022-01-04 21:44:00,2.5,
406,2022-01-04 21:45:00,2.5,
407,2022-01-04 21:46:00,2.5,
408,2022-01-04 21:47:00,2.5,
409,2022-01-04 21:48:00,2.5,
410,2022-01-04 21:49:00,2.5,
411,2022-01-04 21:50:00,2.5,
412,2022-01-04 21:51:00,2.5,
413,2022-01-04 21:52:00,2.5,
414,2022-01-04 21:53:00,2.5,
415,2022-01-04 21:54:00,2.5,
416,2022-01-04 21:55:00,2.5,
417,2022-01-04 21:56:00,2.5,
418,2022-01-04 21:57:00,2.5,
419,2022-01-04 21:58:00,2.5,
420,2022-01-04 21:59:00,2.5,
421,2022-01-04 22:00:00,2.5,
422,2022-01-04 22:01:00,2.5,
423,2022-01-04 22:02:00,2.5,
424,2022-01-04 22:03:00,2.5,
425,2022-01-04 22:04:00,2.5,
426,2022-01-04 22:05:00,2.5,
427,2022-01-04 22:06:00,2.5,
428,2022-01-04 22:07:00,2.5,
429,2022-01-04 22:08:00,2.5,
430,2022-01-04 22:09:00,2.5,
431,2022-01-04 22:10:00,2.5,
432,2022-01-04 22:11:00,2.5,
433,2022-01-04 22:12:00,2.5,
434,2022-01-04 22:13:00,2.5,
435,2022-01-04 22:14:00,2.5,
436,2022-01-04 22:15:00,2.5,
437,2022-01-04 22:16:00,2.5,
438,2022-01-04 22:17:00,2.5,
439,2022-01-04 22:18:00,2.5,
440,2022-01-04 22:19:00,2.5,
441,2022-01-04 22:20:00,2.5,
442,2022-01-04 22:21:00,2.5,
443,2022-01-04 22:22:00,2.5,
444,2022-01-04 22:23:00,2.5,
445,2022-01-04 22:24:00,2.5,
446,2022-01-04 22:25:00,2.5,
447,2022-01-04 22:26:00,2.5,
448,2022-01-04 22:27:00,2.5,
449,2022-01-04 22:28:00,2.5,
450,2022-01-04 22:29:00,2.5,
451,2022-01-04 22:30:00,2.5,
452,2022-01-04 22:31:00,2.5,
453,2022-01-04 22:32:00,2.5,
454,2022-01-04 22:33:00,2.5,
455,2022-01-04 22:34:00,2.5,
456,2022-01-04 22:35:00,2.5,
457,2022-01-04 22:36:00,2.5,
458,2022-01-04 22:37:00,2.5,
459,2022-01-04 22:38:00,2.5,
460,2022-01-04 22:39:00,2.5,
461,2022-01-04 22:40:00,2.5,
462,2022-01-04 22:41:00,2.5,
463,2022-01-04 22:42:00,2.5,
464,2022-01-04 22:43:00,2.5,
465,2022-01-04 22:44:00,2.5,
466,2022-01-04 22:45:00,2.5,
467,2022-01-04 22:46:00,2.5,
468,2022-01-04 22:47:00,2.5,
469,2022-01-04 22:48:00,2.5,
470,2022-01-04 22:49:00,2.5,
471,2022-01-04 22:50:00,2.5,
472,2022-01-04 22:51:00,2.5,
473,2022-01-04 22:52:00,2.5,
474,2022-01-04 22:53:00,2.5,
475,2022-01-04 22:54:00,2.5,
476,2022-01-04 22:55:00,2.5,
477,2022-01-04 22:56:00,2.5,
478,2022-01-04 22:57:00,2.5,
479,2022-01-04 22:58:00,2.5,
480,2022-01-04 22:59:00,2.5,
481,2022-01-04 23:00:00,2.5,
482,2022-01-04 23:01:00,2.5,
483,2022-01-04 23:02:00,2.5,
484,2022-01-04 23:03:00,2.5,
485,2022-01-04 23:04:00,2.0,
486,2022-01-04 23:05:00,2.0,
487,2022-01-04 23:06:00,2.0,
488,2022-01-04 23:07:00,2.0,
489,2022-01-04 23:08:00,2.0,
490,2022-01-04 23:09:00,2.0,
491,2022-01-04 23:10:00,2.0,
492,2022-01-04 23:11:00,2.0,
493,2022-01-04 23:12:00,2.0,
494,2022-01-04 23:13:00,2.0,
495,2022-01-04 23:14:00,2.0,
496,2022-01-04 23:15:00,2.0,
497,2022-01-04 23:16:00,2.0,
498,2022-01-04 23:17:00,2.0,
499,2022-01-04 23:18:00,2.0,
500,2022-01-04 23:19:00,2.0,
501,2022-01-04 23:20:00,2.0,
502,2022-01-04 23:21:00,2.0,
503,2022-01-04 23:22:00,2.0,
504,2022-01-04 23:23:00,2.0,
505,2022-01-04 23:24:00,2.0,
506,2022-01-04 23:25:00,2.0,
507,2022-01-04 23:26:00,2.0,
508,2022-01-04 23:27:00,2.0,
509,2022-01-04 23:28:00,2.0,
510,2022-01-04 23:29:00,2.0,
511,2022-01-04 23:30:00,2.0,
512,2022-01-04 23:31:00,2.0,
513,2022-01-04 23:32:00,2.0,
514,2022-01-04 23:33:00,2.0,
515,2022-01-04 23:34:00,2.0,
516,2022-01-04 23:35:00,2.0,
517,2022-01-04 23:36:00,2.0,
518,2022-01-04 23:37:00,2.0,
519,2022-01-04 23:38:00,2.0,
520,2022-01-04 23:39:00,2.0,
521,2022-01-04 23:40:00,2.0,
522,2022-01-04 23:41:00,2.0,
523,2022-01-04 23:42:00,2.0,
524,2022-01-04 23:43:00,2.0,
525,2022-01-04 23:44:00,2.0,
526,2022-01-04 23:45:00,2.0,
527,2022-01-04 23:46:00,2.0,
528,2022-01-04 23:47:00,2.0,
529,2022-01-04 23:48:00,2.0,
530,2022-01-04 23:49:00,2.0,
531,2022-01-04 23:50:00,2.0,
532,2022-01-04 23:51:00,2.0,
533,2022-01-04 23:52:00,2.0,
534,2022-01-04 23:53:00,2.0,
535,2022-01-04 23:54:00,2.0,
536,2022-01-04 23:55:00,2.0,
537,2022-01-04 23:56:00,2.0,
538,2022-01-04 23:57:00,2.0,
539,2022-01-04 23:58:00,2.0,
540,2022-01-04 23:59:00,2.0,
541,2022-01-05 00:00:00,2.0,
542,2022-01-05 00:01:00,2.0,
543,2022-01-05 00:02:00,2.0,
544,2022-01-05 00:03:00,2.0,
545,2022-01-05 00:04:00,2.0,
546,2022-01-05 00:05:00,2.0,
547,2022-01-05 00:06:00,2.0,
548,2022-01-05 00:07:00,2.0,
549,2022-01-05 00:08:00,2.0,
550,2022-01-05 00:09:00,2.0,
551,2022-01-05 00:10:00,2.0,
552,2022-01-05 00:11:00,2.0,
553,2022-01-05 00:12:00,2.0,
554,2022-01-05 00:13:00,2.0,
555,2022-01-05 00:14:00,2.0,
556,2022-01-05 00:15:00,2.0,
557,2022-01-05 00:16:00,2.0,
558,2022-01-05 00:17:00,2.0,
559,2022-01-05 00:18:00,2.0,
560,2022-01-05 00:19:00,2.0,
561,2022-01-05 00:20:00,2.0,
562,2022-01-05 00:21:00,2.0,
563,2022-01-05 00:22:00,2.0,
564,2022-01-05 00:23:00,2.0,
565,2022-01-05 00:24:00,2.0,
566,2022-01-05 00:25:00,2.0,
567,2022-01-05 00:26:00,2.0,
568,2022-01-05 00:27:00,2.0,
569,2022-01-05 00:28:00,2.0,
570,2022-01-05 00:29:00,2.0,
571,2022-01-05 00:30:00,2.0,
572,2022-01-05 00:31:00,2.0,
573,2022-01-05 00:32:00,2.0,
574,2022-01-05 00:33:00,2.0,
575,2022-01-05 00:34:00,2.0,
576,2022-01-05 00:35:00,2.0,
577,2022-01-05 00:36:00,2.0,
578,2022-01-05 00:37:00,2.0,
579,2022-01-05 00:38:00,2.0,
580,2022-01-05 00:39:00,2.0,
581,2022-01-05 00:40:00,2.0,
582,2022-01-05 00:41:00,2.0,
583,2022-01-05 00:42:00,2.0,
584,2022-01-05 00:43:00,2.0,
585,2022-01-05 00:44:00,2.0,
586,2022-01-05 00:45:00,2.0,
587,2022-01-05 00:46:00,2.0,
588,2022-01-05 00:47:00,2.0,
589,2022-01-05 00:48:00,2.0,
590,2022-01-05 00:49:00,2.0,
591,2022-01-05 00:50:00,2.0,
592,2022-01-05 00:51:00,2.0,
593,2022-01-05 00:52:00,2.0,
594,2022-01-05 00:53:00,2.0,
595,2022-01-05 00:54:00,2.0,
596,2022-01-05 00:55:00,2.0,
597,2022-01-05 00:56:00,2.0,
598,2022-01-05 00:57:00,2.0,
599,2022-01-05 00:58:00,2.0,
600,2022-01-05 00:59:00,2.0,
601,2022-01-05 01:00:00,2.0,
602,2022-01-05 01:01:00,2.0,
603,2022-01-05 01:02:00,2.0,
604,2022-01-05 01:03:00,2.0,
605,2022-01-05 01:04:00,2.0,
606,2022-01-05 01:05:00,2.0,
607,2022-01-05 01:06:00,2.0,
608,2022-01-05 01:07:00,2.0,
609,2022-01-05 01:08:00,2.0,
610,2022-01-05 01:09:00,2.0,
611,2022-01-05 01:10:00,2.0,
612,2022-01-05 01:11:00,2.0,
613,2022-01-05 01:12:00,2.0,
614,2022-01-05 01:13:00,2.0,
615,2022-01-05 01:14:00,2.0,
616,2022-01-05 01:15:00,2.0,
617,2022-01-05 01:16:00,2.0,
618,2022-01-05 01:17:00,2.0,
619,2022-01-05 01:18:00,2.0,
620,2022-01-05 01:19:00,2.0,
621,2022-01-05 01:20:00,2.0,
622,2022-01-05 01:21:00,2.0,
623,2022-01-05 01:22:00,2.0,
624,2022-01-05 01:23:00,2.0,
625,2022-01-05 01:24:00,2.0,
626,2022-01-05 01:25:00,2.0,
627,2022-01-05 01:26:00,2.0,
628,2022-01-05 01:27:00,2.0,
629,2022-01-05 01:28:00,2.0,
630,2022-01-05 01:29:00,2.0,
631,2022-01-05 01:30:00,2.0,
632,2022-01-05 01:31:00,2.0,
633,2022-01-05 01:32:00,2.0,
634,2022-01-05 01:33:00,2.0,
635,2022-01-05 01:34:00,2.0,
636,2022-01-05 01:35:00,2.0,
637,2022-01-05 01:36:00,2.0,
638,2022-01-05 01:37:00,2.0,
639,2022-01-05 01:38:00,2.0,
640,2022-01-05 01:39:00,2.0,
641,2022-01-05 01:40:00,2.0,
642,2022-01-05 01:41:00,2.0,
643,2022-01-05 01:42:00,2.0,
644,2022-01-05 01:43:00,2.0,
645,2022-01-05 01:44:00,1.5,
646,2022-01-05 01:45:00,1.5,
647,2022-01-05 01:46:00,1.5,
648,2022-01-05 01:47:00,1.5,
649,2022-01-05 01:48:00,1.5,
650,2022-01-05 01:49:00,1.5,
651,2022-01-05 01:50:00,1.5,
652,2022-01-05 01:51:00,1.5,
653,2022-01-05 01:52:00,1.5,
654,2022-01-05 01:53:00,1.5,
655,2022-01-05 01:54:00,1.5,
656,2022-01-05 01:55:00,1.5,
657,2022-01-05 01:56:00,1.5,
658,2022-01-05 01:57:00,1.5,
659,2022-01-05 01:58:00,1.5,
660,2022-01-05 01:59:00,1.5,
661,2022-01-05 02:00:00,1.5,
662,2022-01-05 02:01:00,1.5,
663,2022-01-05 02:02:00,1.5,
664,2022-01-05 02:03:00,1.5,
665,2022-01-05 02:04:00,1.5,
666,2022-01-05 02:05:00,1.5,
667,2022-01-05 02:06:00,1.5,
668,2022-01-05 02:07:00,1.5,
669,2022-01-05 02:08:00,1.5,
670,2022-01-05 02:09:00,1.5,
671,2022-01-05 02:10:00,1.5,
672,2022-01-05 02:11:00,1.5,
673,2022-01-05 02:12:00,1.5,
674,2022-01-05 02:13:00,1.5,
675,2022-01-05 02:14:00,1.5,
676,2022-01-05 02:15:00,1.5,
677,2022-01-05 02:16:00,1.5,
678,2022-01-05 02:17:00,1.5,
679,2022-01-05 02:18:00,1.5,
680,2022-01-05 02:19:00,1.5,
681,2022-01-05 02:20:00,1.5,
682,2022-01-05 02:21:00,1.5,
683,2022-01-05 02:22:00,1.5,
684,2022-01-05 02:23:00,1.5,
685,2022-01-05 02:24:00,1.5,
686,2022-01-05 02:25:00,1.0,
687,2022-01-05 02:26:00,1.0,
688,2022-01-05 02:27:00,1.0,
689,2022-01-05 02:28:00,1.5,
690,2022-01-05 02:29:00,1.5,
691,2022-01-05 02:30:00,1.5,
692,2022-01-05 02:31:00,1.5,
693,2022-01-05 02:32:00,1.5,
694,2022-01-05 02:33:00,1.5,
695,2022-01-05 02:34:00,1.5,
696,2022-01-05 02:35:00,1.5,
697,2022-01-05 02:36:00,1.5,
698,2022-01-05 02:37:00,1.5,
699,2022-01-05 02:38:00,1.5,
700,2022-01-05 02:39:00,1.5,
701,2022-01-05 02:40:00,1.0,
702,2022-01-05 02:41:00,1.0,
703,2022-01-05 02:42:00,1.0,
704,2022-01-05 02:43:00,1.0,
705,2022-01-05 02:44:00,1.0,
706,2022-01-05 02:45:00,1.0,
707,2022-01-05 02:46:00,1.0,
708,2022-01-05 02:47:00,1.0,
709,2022-01-05 02:48:00,1.0,
710,2022-01-05 02:49:00,1.0,
711,2022-01-05 02:50:00,1.0,
712,2022-01-05 02:51:00,1.0,
713,2022-01-05 02:52:00,1.0,
714,2022-01-05 02:53:00,1.0,
715,2022-01-05 02:54:00,1.0,
716,2022-01-05 02:55:00,1.0,
717,2022-01-05 02:56:00,1.0,
718,2022-01-05 02:57:00,1.5,
719,2022-01-05 02:58:00,1.5,
720,2022-01-05 02:59:00,1.5,
721,2022-01-05 03:00:00,1.5,
722,2022-01-05 03:01:00,1.5,
723,2022-01-05 03:02:00,1.5,
724,2022-01-05 03:03:00,1.5,
725,2022-01-05 03:04:00,1.5,
726,2022-01-05 03:05:00,1.0,
727,2022-01-05 03:06:00,1.0,
728,2022-01-05 03:07:00,1.0,
729,2022-01-05 03:08:00,1.0,
730,2022-01-05 03:09:00,1.0,
731,2022-01-05 03:10:00,1.0,
732,2022-01-05 03:11:00,1.0,
733,2022-01-05 03:12:00,1.0,
734,2022-01-05 03:13:00,1.0,
735,2022-01-05 03:14:00,1.0,
736,2022-01-05 03:15:00,1.0,
737,2022-01-05 03:16:00,1.0,
738,2022-01-05 03:17:00,1.0,
739,2022-01-05 03:18:00,1.0,
740,2022-01-05 03:19:00,1.0,
741,2022-01-05 03:20:00,1.0,
742,2022-01-05 03:21:00,1.0,
743,2022-01-05 03:22:00,1.0,
744,2022-01-05 03:23:00,1.0,
745,2022-01-05 03:24:00,1.0,
746,2022-01-05 03:25:00,1.0,
747,2022-01-05 03:26:00,1.0,
748,2022-01-05 03:27:00,1.0,
749,2022-01-05 03:28:00,1.0,
750,2022-01-05 03:29:00,1.0,
751,2022-01-05 03:30:00,1.0,
752,2022-01-05 03:31:00,1.0,
753,2022-01-05 03:32:00,1.0,
754,2022-01-05 03:33:00,1.0,
755,2022-01-05 03:34:00,1.0,
756,2022-01-05 03:35:00,1.0,
757,2022-01-05 03:36:00,1.0,
758,2022-01-05 03:37:00,1.0,
759,2022-01-05 03:38:00,1.0,
760,2022-01-05 03:39:00,1.0,
761,2022-01-05 03:40:00,1.0,
762,2022-01-05 03:41:00,1.0,
763,2022-01-05 03:42:00,1.0,
764,2022-01-05 03:43:00,1.0,
765,2022-01-05 03:44:00,1.0,
766,2022-01-05 03:45:00,1.0,
767,2022-01-05 03:46:00,1.0,
768,2022-01-05 03:47:00,1.0,
769,2022-01-05 03:48:00,1.0,
770,2022-01-05 03:49:00,1.0,
771,2022-01-05 03:50:00,1.0,
772,2022-01-05 03:51:00,1.0,
773,2022-01-05 03:52:00,1.0,
774,2022-01-05 03:53:00,1.0,
775,2022-01-05 03:54:00,1.0,
776,2022-01-05 03:55:00,1.0,
777,2022-01-05 03:56:00,1.0,
778,2022-01-05 03:57:00,1.0,
779,2022-01-05 03:58:00,1.0,
780,2022-01-05 03:59:00,1.0,
781,2022-01-05 04:00:00,1.0,
782,2022-01-05 04:01:00,1.0,
783,2022-01-05 04:02:00,1.0,
784,2022-01-05 04:03:00,1.0,
785,2022-01-05 04:04:00,1.0,
786,2022-01-05 04:05:00,1.0,
787,2022-01-05 04:06:00,1.0,
788,2022-01-05 04:07:00,1.0,
789,2022-01-05 04:08:00,1.0,
790,2022-01-05 04:09:00,1.0,
791,2022-01-05 04:10:00,1.0,
792,2022-01-05 04:11:00,1.0,
793,2022-01-05 04:12:00,1.0,
794,2022-01-05 04:13:00,1.0,
795,2022-01-05 04:14:00,1.0,
796,2022-01-05 04:15:00,1.0,
797,2022-01-05 04:16:00,1.0,
798,2022-01-05 04:17:00,1.0,
799,2022-01-05 04:18:00,1.0,
800,2022-01-05 04:19:00,1.0,
801,2022-01-05 04:20:00,1.0,
802,2022-01-05 04:21:00,1.0,
803,2022-01-05 04:22:00,1.0,
804,2022-01-05 04:23:00,1.0,
805,2022-01-05 04:24:00,1.0,
806,2022-01-05 04:25:00,1.0,
807,2022-01-05 04:26:00,1.0,
808,2022-01-05 04:27:00,1.0,
809,2022-01-05 04:28:00,1.0,
810,2022-01-05 04:29:00,1.0,
811,2022-01-05 04:30:00,1.0,
812,2022-01-05 04:31:00,1.0,
813,2022-01-05 04:32:00,1.0,
814,2022-01-05 04:33:00,1.0,
815,2022-01-05 04:34:00,1.0,
816,2022-01-05 04:35:00,1.0,
817,2022-01-05 04:36:00,1.0,
818,2022-01-05 04:37:00,1.0,
819,2022-01-05 04:38:00,1.0,
820,2022-01-05 04:39:00,1.0,
821,2022-01-05 04:40:00,1.0,
822,2022-01-05 04:41:00,1.0,
823,2022-01-05 04:42:00,1.0,
824,2022-01-05 04:43:00,1.0,
825,2022-01-05 04:44:00,1.0,
826,2022-01-05 04:45:00,1.0,
827,2022-01-05 04:46:00,1.0,
828,2022-01-05 04:47:00,1.0,
829,2022-01-05 04:48:00,1.0,
830,2022-01-05 04:49:00,1.0,
831,2022-01-05 04:50:00,1.0,
832,2022-01-05 04:51:00,1.0,
833,2022-01-05 04:52:00,1.0,
834,2022-01-05 04:53:00,1.0,
835,2022-01-05 04:54:00,1.0,
836,2022-01-05 04:55:00,1.0,
837,2022-01-05 04:56:00,1.0,
838,2022-01-05 04:57:00,1.0,
839,2022-01-05 04:58:00,1.0,
840,2022-01-05 04:59:00,1.0,
841,2022-01-05 05:00:00,1.0,
842,2022-01-05 05:01:00,1.0,
843,2022-01-05 05:02:00,1.0,
844,2022-01-05 05:03:00,1.0,
845,2022-01-05 05:04:00,1.0,
846,2022-01-05 05:05:00,1.0,
847,2022-01-05 05:06:00,1.0,
848,2022-01-05 05:07:00,1.0,
849,2022-01-05 05:08:00,1.0,
850,2022-01-05 05:09:00,1.0,
851,2022-01-05 05:10:00,1.0,
852,2022-01-05 05:11:00,1.0,
853,2022-01-05 05:12:00,1.0,
854,2022-01-05 05:13:00,1.0,
855,2022-01-05 05:14:00,1.0,
856,2022-01-05 05:15:00,1.0,
857,2022-01-05 05:16:00,1.0,
858,2022-01-05 05:17:00,1.0,
859,2022-01-05 05:18:00,1.0,
860,2022-01-05 05:19:00,1.0,
861,2022-01-05 05:20:00,1.0,
862,2022-01-05 05:21:00,1.0,
863,2022-01-05 05:22:00,1.0,
864,2022-01-05 05:23:00,1.0,
865,2022-01-05 05:24:00,1.0,
866,2022-01-05 05:25:00,1.0,
867,2022-01-05 05:26:00,1.0,
868,2022-01-05 05:27:00,1.0,
869,2022-01-05 05:28:00,1.0,
870,2022-01-05 05:29:00,1.0,
871,2022-01-05 05:30:00,1.0,
872,2022-01-05 05:31:00,1.0,
873,2022-01-05 05:32:00,1.0,
874,2022-01-05 05:33:00,1.0,
875,2022-01-05 05:34:00,1.0,
876,2022-01-05 05:35:00,1.0,
877,2022-01-05 05:36:00,1.0,
878,2022-01-05 05:37:00,1.0,
879,2022-01-05 05:38:00,1.0,
880,2022-01-05 05:39:00,1.0,
881,2022-01-05 05:40:00,1.0,
882,2022-01-05 05:41:00,1.0,
883,2022-01-05 05:42:00,1.0,
884,2022-01-05 05:43:00,1.0,
885,2022-01-05 05:44:00,1.0,
886,2022-01-05 05:45:00,1.0,
887,2022-01-05 05:46:00,1.0,
888,2022-01-05 05:47:00,1.0,
889,2022-01-05 05:48:00,1.0,
890,2022-01-05 05:49:00,1.0,
891,2022-01-05 05:50:00,1.0,
892,2022-01-05 05:51:00,1.0,
893,2022-01-05 05:52:00,1.0,
894,2022-01-05 05:53:00,1.0,
895,2022-01-05 05:54:00,0.5,
896,2022-01-05 05:55:00,1.0,
897,2022-01-05 05:56:00,0.5,
898,2022-01-05 05:57:00,0.5,
899,2022-01-05 05:58:00,0.5,
900,2022-01-05 05:59:00,0.5,
901,2022-01-05 06:00:00,0.5,
902,2022-01-05 06:01:00,0.5,
903,2022-01-05 06:02:00,0.5,
904,2022-01-05 06:03:00,0.5,
905,2022-01-05 06:04:00,0.5,
906,2022-01-05 06:05:00,0.5,
907,2022-01-05 06:06:00,0.5,
908,2022-01-05 06:07:00,0.5,
909,2022-01-05 06:08:00,0.5,
910,2022-01-05 06:09:00,0.5,
911,2022-01-05 06:10:00,0.5,
912,2022-01-05 06:11:00,0.5,
913,2022-01-05 06:12:00,0.5,
914,2022-01-05 06:13:00,0.5,
915,2022-01-05 06:14:00,0.5,
916,2022-01-05 06:15:00,0.5,
917,2022-01-05 06:16:00,0.5,
918,2022-01-05 06:17:00,0.5,
919,2022-01-05 06:18:00,0.5,
920,2022-01-05 06:19:00,1.0,
921,2022-01-05 06:20:00,1.0,
922,2022-01-05 06:21:00,1.0,
923,2022-01-05 06:22:00,1.0,
924,2022-01-05 06:23:00,1.0,
925,2022-01-05 06:24:00,1.0,
926,2022-01-05 06:25:00,1.0,
927,2022-01-05 06:26:00,1.0,
928,2022-01-05 06:27:00,1.0,
929,2022-01-05 06:28:00,1.0,
930,2022-01-05 06:29:00,1.0,
931,2022-01-05 06:30:00,1.0,
932,2022-01-05 06:31:00,1.0,
933,2022-01-05 06:32:00,1.0,
934,2022-01-05 06:33:00,1.0,
935,2022-01-05 06:34:00,1.0,
936,2022-01-05 06:35:00,1.0,
937,2022-01-05 06:36:00,1.0,
938,2022-01-05 06:37:00,1.0,
939,2022-01-05 06:38:00,1.0,
940,2022-01-05 06:39:00,1.0,
941,2022-01-05 06:40:00,1.0,
942,2022-01-05 06:41:00,1.0,
943,2022-01-05 06:42:00,1.0,
944,2022-01-05 06:43:00,1.0,
945,2022-01-05 06:44:00,1.0,
946,2022-01-05 06:45:00,1.0,
947,2022-01-05 06:46:00,1.0,
948,2022-01-05 06:47:00,1.0,
949,2022-01-05 06:48:00,1.0,
950,2022-01-05 06:49:00,1.0,
951,2022-01-05 06:50:00,1.0,
952,2022-01-05 06:51:00,1.0,
953,2022-01-05 06:52:00,1.0,
954,2022-01-05 06:53:00,1.0,
955,2022-01-05 06:54:00,1.0,
956,2022-01-05 06:55:00,1.0,
957,2022-01-05 06:56:00,1.0,
958,2022-01-05 06:57:00,1.0,
959,2022-01-05 06:58:00,1.0,
960,2022-01-05 06:59:00,1.0,
961,2022-01-05 07:00:00,1.0,
962,2022-01-05 07:01:00,1.0,
963,2022-01-05 07:02:00,1.0,
964,2022-01-05 07:03:00,1.0,
965,2022-01-05 07:04:00,1.0,
966,2022-01-05 07:05:00,1.0,
967,2022-01-05 07:06:00,1.0,
968,2022-01-05 07:07:00,1.0,
969,2022-01-05 07:08:00,1.0,
970,2022-01-05 07:09:00,1.0,
971,2022-01-05 07:10:00,1.0,
972,2022-01-05 07:11:00,1.0,
973,2022-01-05 07:12:00,1.0,
974,2022-01-05 07:13:00,1.0,
975,2022-01-05 07:14:00,1.0,
976,2022-01-05 07:15:00,1.0,
977,2022-01-05 07:16:00,1.0,
978,2022-01-05 07:17:00,1.0,
979,2022-01-05 07:18:00,1.0,
980,2022-01-05 07:19:00,1.0,
981,2022-01-05 07:20:00,1.0,
982,2022-01-05 07:21:00,1.0,
983,2022-01-05 07:22:00,1.0,
984,2022-01-05 07:23:00,1.0,
985,2022-01-05 07:24:00,1.0,
986,2022-01-05 07:25:00,1.0,
987,2022-01-05 07:26:00,1.0,
988,2022-01-05 07:27:00,1.0,
989,2022-01-05 07:28:00,1.0,
990,2022-01-05 07:29:00,1.0,
991,2022-01-05 07:30:00,1.0,
992,2022-01-05 07:31:00,1.0,
993,2022-01-05 07:32:00,1.0,
994,2022-01-05 07:33:00,1.0,
995,2022-01-05 07:34:00,0.5,
996,2022-01-05 07:35:00,0.5,
997,2022-01-05 07:36:00,0.5,
998,2022-01-05 07:37:00,1.0,
999,2022-01-05 07:38:00,1.0,
1000,2022-01-05 07:39:00,1.0,
1001,2022-01-05 07:40:00,1.0,
1002,2022-01-05 07:41:00,1.0,
1003,2022-01-05 07:42:00,1.0,
1004,2022-01-05 07:43:00,1.0,
1005,2022-01-05 07:44:00,1.0,
1006,2022-01-05 07:45:00,1.0,
1007,2022-01-05 07:46:00,0.5,
1008,2022-01-05 07:47:00,0.5,
1009,2022-01-05 07:48:00,0.5,
1010,2022-01-05 07:49:00,0.5,
1011,2022-01-05 07:50:00,0.5,
1012,2022-01-05 07:51:00,0.5,
1013,2022-01-05 07:52:00,0.5,
1014,2022-01-05 07:53:00,0.5,
1015,2022-01-05 07:54:00,1.0,
1016,2022-01-05 07:55:00,1.0,
1017,2022-01-05 07:56:00,1.0,
1018,2022-01-05 07:57:00,1.0,
1019,2022-01-05 07:58:00,1.0,
1020,2022-01-05 07:59:00,1.0,
1021,2022-01-05 08:00:00,1.0,
1022,2022-01-05 08:01:00,1.0,
1023,2022-01-05 08:02:00,1.0,
1024,2022-01-05 08:03:00,1.0,
1025,2022-01-05 08:04:00,1.0,
1026,2022-01-05 08:05:00,1.0,
1027,2022-01-05 08:06:00,1.0,
1028,2022-01-05 08:07:00,1.0,
1029,2022-01-05 08:08:00,1.0,
1030,2022-01-05 08:09:00,1.0,
1031,2022-01-05 08:10:00,1.0,
1032,2022-01-05 08:11:00,1.0,
1033,2022-01-05 08:12:00,1.0,
1034,2022-01-05 08:13:00,1.0,
1035,2022-01-05 08:14:00,1.0,
1036,2022-01-05 08:15:00,1.0,
1037,2022-01-05 08:16:00,1.0,
1038,2022-01-05 08:17:00,1.0,
1039,2022-01-05 08:18:00,1.0,
1040,2022-01-05 08:19:00,1.0,
1041,2022-01-05 08:20:00,1.0,
1042,2022-01-05 08:21:00,1.0,
1043,2022-01-05 08:22:00,1.0,
1044,2022-01-05 08:23:00,1.0,
1045,2022-01-05 08:24:00,1.0,
1046,2022-01-05 08:25:00,1.0,
1047,2022-01-05 08:26:00,1.0,
1048,2022-01-05 08:27:00,1.0,
1049,2022-01-05 08:28:00,1.0,
1050,2022-01-05 08:29:00,1.0,
1051,2022-01-05 08:30:00,1.0,
1052,2022-01-05 08:31:00,1.0,
1053,2022-01-05 08:32:00,1.0,
1054,2022-01-05 08:33:00,1.0,
1055,2022-01-05 08:34:00,1.0,
1056,2022-01-05 08:35:00,1.0,
1057,2022-01-05 08:36:00,1.0,
1058,2022-01-05 08:37:00,1.0,
1059,2022-01-05 08:38:00,1.0,
1060,2022-01-05 08:39:00,1.0,
1061,2022-01-05 08:40:00,1.0,
1062,2022-01-05 08:41:00,1.0,
1063,2022-01-05 08:42:00,1.0,
1064,2022-01-05 08:43:00,1.0,
1065,2022-01-05 08:44:00,1.0,
1066,2022-01-05 08:45:00,1.0,
1067,2022-01-05 08:46:00,1.0,
1068,2022-01-05 08:47:00,1.0,
1069,2022-01-05 08:48:00,1.0,
1070,2022-01-05 08:49:00,1.0,
1071,2022-01-05 08:50:00,1.0,
1072,2022-01-05 08:51:00,1.0,
1073,2022-01-05 08:52:00,1.0,
1074,2022-01-05 08:53:00,1.0,
1075,2022-01-05 08:54:00,1.0,
1076,2022-01-05 08:55:00,1.0,
1077,2022-01-05 08:56:00,1.0,
1078,2022-01-05 08:57:00,1.0,
1079,2022-01-05 08:58:00,1.0,
1080,2022-01-05 08:59:00,1.0,
1081,2022-01-05 09:00:00,1.0,
1082,2022-01-05 09:01:00,1.0,
1083,2022-01-05 09:02:00,1.0,
1084,2022-01-05 09:03:00,1.0,
1085,2022-01-05 09:04:00,1.0,
1086,2022-01-05 09:05:00,1.0,
1087,2022-01-05 09:06:00,1.0,
1088,2022-01-05 09:07:00,1.0,
1089,2022-01-05 09:08:00,1.0,
1090,2022-01-05 09:09:00,1.0,
1091,2022-01-05 09:10:00,1.0,
1092,2022-01-05 09:11:00,1.0,
1093,2022-01-05 09:12:00,1.0,
1094,2022-01-05 09:13:00,1.0,
1095,2022-01-05 09:14:00,1.0,
1096,2022-01-05 09:15:00,1.5,
1097,2022-01-05 09:16:00,1.5,
1098,2022-01-05 09:17:00,1.5,
1099,2022-01-05 09:18:00,1.5,
1100,2022-01-05 09:19:00,1.5,
1101,2022-01-05 09:20:00,1.5,
1102,2022-01-05 09:21:00,1.5,
1103,2022-01-05 09:22:00,1.5,
1104,2022-01-05 09:23:00,1.5,
1105,2022-01-05 09:24:00,1.5,
1106,2022-01-05 09:25:00,1.5,
1107,2022-01-05 09:26:00,1.5,
1108,2022-01-05 09:27:00,1.5,
1109,2022-01-05 09:28:00,1.5,
1110,2022-01-05 09:29:00,1.5,
1111,2022-01-05 09:30:00,1.5,
1112,2022-01-05 09:31:00,1.5,
1113,2022-01-05 09:32:00,1.5,
1114,2022-01-05 09:33:00,1.5,
1115,2022-01-05 09:34:00,1.5,
1116,2022-01-05 09:35:00,1.5,
1117,2022-01-05 09:36:00,1.5,
1118,2022-01-05 09:37:00,1.5,
1119,2022-01-05 09:38:00,1.5,
1120,2022-01-05 09:39:00,1.5,
1121,2022-01-05 09:40:00,1.5,
1122,2022-01-05 09:41:00,1.5,
1123,2022-01-05 09:42:00,1.5,
1124,2022-01-05 09:43:00,1.5,
1125,2022-01-05 09:44:00,1.5,
1126,2022-01-05 09:45:00,1.5,
1127,2022-01-05 09:46:00,1.5,
1128,2022-01-05 09:47:00,1.5,
1129,2022-01-05 09:48:00,1.5,
1130,2022-01-05 09:49:00,1.5,
1131,2022-01-05 09:50:00,1.5,
1132,2022-01-05 09:51:00,1.5,
1133,2022-01-05 09:52:00,1.5,
1134,2022-01-05 09:53:00,1.5,
1135,2022-01-05 09:54:00,1.5,
1136,2022-01-05 09:55:00,1.5,
1137,2022-01-05 09:56:00,1.5,
1138,2022-01-05 09:57:00,1.5,
1139,2022-01-05 09:58:00,1.5,
1140,2022-01-05 09:59:00,1.5,
1141,2022-01-05 10:00:00,1.5,
1142,2022-01-05 10:01:00,1.5,
1143,2022-01-05 10:02:00,1.5,
1144,2022-01-05 10:03:00,1.5,
1145,2022-01-05 10:04:00,1.5,
1146,2022-01-05 10:05:00,1.5,
1147,2022-01-05 10:06:00,1.5,
1148,2022-01-05 10:07:00,1.5,
1149,2022-01-05 10:08:00,1.5,
1150,2022-01-05 10:09:00,1.5,
1151,2022-01-05 10:10:00,1.5,
1152,2022-01-05 10:11:00,1.5,
1153,2022-01-05 10:12:00,1.5,
1154,2022-01-05 10:13:00,1.5,
1155,2022-01-05 10:14:00,1.5,
1156,2022-01-05 10:15:00,1.5,
1157,2022-01-05 10:16:00,1.5,
1158,2022-01-05 10:17:00,1.5,
1159,2022-01-05 10:18:00,1.5,
1160,2022-01-05 10:19:00,1.5,
1161,2022-01-05 10:20:00,1.5,
1162,2022-01-05 10:21:00,1.5,
1163,2022-01-05 10:22:00,1.5,
1164,2022-01-05 10:23:00,1.5,
1165,2022-01-05 10:24:00,1.5,
1166,2022-01-05 10:25:00,1.5,
1167,2022-01-05 10:26:00,1.5,
1168,2022-01-05 10:27:00,1.5,
1169,2022-01-05 10:28:00,1.5,
1170,2022-01-05 10:29:00,1.5,
1171,2022-01-05 10:30:00,1.5,
1172,2022-01-05 10:31:00,1.5,
1173,2022-01-05 10:32:00,1.5,
1174,2022-01-05 10:33:00,1.5,
1175,2022-01-05 10:34:00,1.5,
1176,2022-01-05 10:35:00,1.5,
1177,2022-01-05 10:36:00,1.5,
1178,2022-01-05 10:37:00,1.5,
1179,2022-01-05 10:38:00,1.5,
1180,2022-01-05 10:39:00,1.5,
1181,2022-01-05 10:40:00,1.5,
1182,2022-01-05 10:41:00,1.5,
1183,2022-01-05 10:42:00,1.5,
1184,2022-01-05 10:43:00,1.5,
1185,2022-01-05 10:44:00,1.5,
1186,2022-01-05 10:45:00,1.5,
1187,2022-01-05 10:46:00,1.5,
1188,2022-01-05 10:47:00,1.5,
1189,2022-01-05 10:48:00,1.5,
1190,2022-01-05 10:49:00,1.5,
1191,2022-01-05 10:50:00,1.5,
1192,2022-01-05 10:51:00,1.5,
1193,2022-01-05 10:52:00,1.5,
1194,2022-01-05 10:53:00,1.5,
1195,2022-01-05 10:54:00,1.5,
1196,2022-01-05 10:55:00,1.5,
1197,2022-01-05 10:56:00,1.5,
1198,2022-01-05 10:57:00,1.5,
1199,2022-01-05 10:58:00,1.5,
1200,2022-01-05 10:59:00,1.5,
1201,2022-01-05 11:00:00,1.5,
1202,2022-01-05 11:01:00,1.5,
1203,2022-01-05 11:02:00,1.5,
1204,2022-01-05 11:03:00,1.5,
1205,2022-01-05 11:04:00,1.5,
1206,2022-01-05 11:05:00,1.5,
1207,2022-01-05 11:06:00,1.5,
1208,2022-01-05 11:07:00,1.5,
1209,2022-01-05 11:08:00,1.5,
1210,2022-01-05 11:09:00,1.5,
1211,2022-01-05 11:10:00,1.5,
1212,2022-01-05 11:11:00,1.5,
1213,2022-01-05 11:12:00,1.5,
1214,2022-01-05 11:13:00,1.5,
1215,2022-01-05 11:14:00,1.5,
1216,2022-01-05 11:15:00,1.5,
1217,2022-01-05 11:16:00,1.5,
1218,2022-01-05 11:17:00,1.5,
1219,2022-01-05 11:18:00,1.5,
1220,2022-01-05 11:19:00,1.5,
1221,2022-01-05 11:20:00,1.5,
1222,2022-01-05 11:21:00,1.5,
1223,2022-01-05 11:22:00,1.5,
1224,2022-01-05 11:23:00,1.5,
1225,2022-01-05 11:24:00,1.5,
1226,2022-01-05 11:25:00,1.5,
1227,2022-01-05 11:26:00,1.5,
1228,2022-01-05 11:27:00,1.5,
1229,2022-01-05 11:28:00,1.5,
1230,2022-01-05 11:29:00,1.5,
1231,2022-01-05 11:30:00,1.5,
1232,2022-01-05 11:31:00,1.5,
1233,2022-01-05 11:32:00,1.5,
1234,2022-01-05 11:33:00,1.5,
1235,2022-01-05 11:34:00,1.5,
1236,2022-01-05 11:35:00,1.5,
1237,2022-01-05 11:36:00,2.0,
1238,2022-01-05 11:37:00,2.0,
1239,2022-01-05 11:38:00,2.0,
1240,2022-01-05 11:39:00,2.0,
1241,2022-01-05 11:40:00,2.0,
1242,2022-01-05 11:41:00,2.0,
1243,2022-01-05 11:42:00,2.0,
1244,2022-01-05 11:43:00,2.0,
1245,2022-01-05 11:44:00,2.0,
1246,2022-01-05 11:45:00,2.0,
1247,2022-01-05 11:46:00,2.0,
1248,2022-01-05 11:47:00,2.0,
1249,2022-01-05 11:48:00,2.0,
1250,2022-01-05 11:49:00,2.0,
1251,2022-01-05 11:50:00,2.0,
1252,2022-01-05 11:51:00,2.0,
1253,2022-01-05 11:52:00,2.0,
1254,2022-01-05 11:53:00,2.0,
1255,2022-01-05 11:54:00,2.0,
1256,2022-01-05 11:55:00,2.0,
1257,2022-01-05 11:56:00,2.0,
1258,2022-01-05 11:57:00,2.0,
1259,2022-01-05 11:58:00,2.0,
1260,2022-01-05 11:59:00,2.0,
1261,2022-01-05 12:00:00,2.0,
1262,2022-01-05 12:01:00,2.0,
1263,2022-01-05 12:02:00,2.0,
1264,2022-01-05 12:03:00,2.0,
1265,2022-01-05 12:04:00,2.0,
1266,2022-01-05 12:05:00,2.0,
1267,2022-01-05 12:06:00,2.0,
1268,2022-01-05 12:07:00,2.0,
1269,2022-01-05 12:08:00,2.0,
1270,2022-01-05 12:09:00,2.0,
1271,2022-01-05 12:10:00,2.0,
1272,2022-01-05 12:11:00,2.0,
1273,2022-01-05 12:12:00,2.0,
1274,2022-01-05 12:13:00,2.0,
1275,2022-01-05 12:14:00,2.0,
1276,2022-01-05 12:15:00,2.0,
1277,2022-01-05 12:16:00,2.0,
1278,2022-01-05 12:17:00,2.0,
1279,2022-01-05 12:18:00,2.0,
1280,2022-01-05 12:19:00,2.0,
1281,2022-01-05 12:20:00,2.0,
1282,2022-01-05 12:21:00,2.0,
1283,2022-01-05 12:22:00,2.0,
1284,2022-01-05 12:23:00,2.0,
1285,2022-01-05 12:24:00,2.0,
1286,2022-01-05 12:25:00,2.0,
1287,2022-01-05 12:26:00,2.0,
1288,2022-01-05 12:27:00,2.0,
1289,2022-01-05 12:28:00,2.0,
1290,2022-01-05 12:29:00,2.0,
1291,2022-01-05 12:30:00,2.0,
1292,2022-01-05 12:31:00,2.0,
1293,2022-01-05 12:32:00,2.0,
1294,2022-01-05 12:33:00,2.0,
1295,2022-01-05 12:34:00,2.0,
1296,2022-01-05 12:35:00,2.0,
1297,2022-01-05 12:36:00,2.0,
1298,2022-01-05 12:37:00,2.0,
1299,2022-01-05 12:38:00,2.0,
1300,2022-01-05 12:39:00,2.0,
1301,2022-01-05 12:40:00,2.5,
1302,2022-01-05 12:41:00,2.5,
1303,2022-01-05 12:42:00,2.5,
1304,2022-01-05 12:43:00,3.0,
1305,2022-01-05 12:44:00,3.0,
1306,2022-01-05 12:45:00,3.5,
1307,2022-01-05 12:46:00,3.5,
1308,2022-01-05 12:47:00,3.5,
1309,2022-01-05 12:48:00,3.5,
1310,2022-01-05 12:49:00,3.5,
1311,2022-01-05 12:50:00,4.0,
1312,2022-01-05 12:51:00,4.0,
1313,2022-01-05 12:52:00,4.0,
1314,2022-01-05 12:53:00,4.5,
1315,2022-01-05 12:54:00,4.5,
1316,2022-01-05 12:55:00,5.0,
1317,2022-01-05 12:56:00,5.0,
1318,2022-01-05 12:57:00,5.5,
1319,2022-01-05 12:58:00,5.5,
1320,2022-01-05 12:59:00,5.5,
1321,2022-01-05 13:00:00,6.0,
1322,2022-01-05 13:01:00,6.0,
1323,2022-01-05 13:02:00,6.0,
1324,2022-01-05 13:03:00,6.0,
1325,2022-01-05 13:04:00,6.0,
1326,2022-01-05 13:05:00,6.0,
1327,2022-01-05 13:06:00,6.5,
1328,2022-01-05 13:07:00,6.5,
1329,2022-01-05 13:08:00,6.5,
1330,2022-01-05 13:09:00,6.5,
1331,2022-01-05 13:10:00,6.5,
1332,2022-01-05 13:11:00,6.5,
1333,2022-01-05 13:12:00,6.0,
1334,2022-01-05 13:13:00,6.0,
1335,2022-01-05 13:14:00,6.0,
1336,2022-01-05 13:15:00,5.5,
1337,2022-01-05 13:16:00,5.5,
1338,2022-01-05 13:17:00,5.5,
1339,2022-01-05 13:18:00,5.0,
1340,2022-01-05 13:19:00,5.0,
1341,2022-01-05 13:20:00,5.0,
1342,2022-01-05 13:21:00,5.0,
1343,2022-01-05 13:22:00,5.0,
1344,2022-01-05 13:23:00,5.0,
1345,2022-01-05 13:24:00,4.5,
1346,2022-01-05 13:25:00,4.5,
1347,2022-01-05 13:26:00,4.5,
1348,2022-01-05 13:27:00,4.5,
1349,2022-01-05 13:28:00,4.5,
1350,2022-01-05 13:29:00,4.5,
1351,2022-01-05 13:30:00,4.5,
1352,2022-01-05 13:31:00,4.5,
1353,2022-01-05 13:32:00,4.5,
1354,2022-01-05 13:33:00,4.5,
1355,2022-01-05 13:34:00,4.5,
1356,2022-01-05 13:35:00,4.5,
1357,2022-01-05 13:36:00,4.0,
1358,2022-01-05 13:37:00,4.0,
1359,2022-01-05 13:38:00,4.0,
1360,2022-01-05 13:39:00,4.0,
1361,2022-01-05 13:40:00,4.0,
1362,2022-01-05 13:41:00,4.0,
1363,2022-01-05 13:42:00,4.0,
1364,2022-01-05 13:43:00,4.0,
1365,2022-01-05 13:44:00,3.5,
1366,2022-01-05 13:45:00,3.5,
1367,2022-01-05 13:46:00,3.5,
1368,2022-01-05 13:47:00,3.5,
1369,2022-01-05 13:48:00,3.5,
1370,2022-01-05 13:49:00,3.5,
1371,2022-01-05 13:50:00,3.5,
1372,2022-01-05 13:51:00,3.5,
1373,2022-01-05 13:52:00,3.5,
1374,2022-01-05 13:53:00,3.0,
1375,2022-01-05 13:54:00,3.0,
1376,2022-01-05 13:55:00,3.0,
1377,2022-01-05 13:56:00,3.0,
1378,2022-01-05 13:57:00,3.0,
1379,2022-01-05 13:58:00,3.0,
1380,2022-01-05 13:59:00,3.0,
1381,2022-01-05 14:00:00,3.0,
1382,2022-01-05 14:01:00,3.0,
1383,2022-01-05 14:02:00,3.0,
1384,2022-01-05 14:03:00,3.0,
1385,2022-01-05 14:04:00,3.0,
1386,2022-01-05 14:05:00,3.0,
1387,2022-01-05 14:06:00,3.0,
1388,2022-01-05 14:07:00,3.0,
1389,2022-01-05 14:08:00,3.0,
1390,2022-01-05 14:09:00,3.0,
1391,2022-01-05 14:10:00,3.0,
1392,2022-01-05 14:11:00,2.5,
1393,2022-01-05 14:12:00,2.5,
1394,2022-01-05 14:13:00,2.5,
1395,2022-01-05 14:14:00,2.5,
1396,2022-01-05 14:15:00,2.5,
1397,2022-01-05 14:16:00,2.5,
1398,2022-01-05 14:17:00,2.5,
1399,2022-01-05 14:18:00,2.5,
1400,2022-01-05 14:19:00,2.5,
1401,2022-01-05 14:20:00,2.5,
1402,2022-01-05 14:21:00,2.5,
1403,2022-01-05 14:22:00,2.5,
1404,2022-01-05 14:23:00,2.5,
1405,2022-01-05 14:24:00,2.5,
1406,2022-01-05 14:25:00,2.5,
1407,2022-01-05 14:26:00,2.5,
1408,2022-01-05 14:27:00,2.5,
1409,2022-01-05 14:28:00,2.5,
1410,2022-01-05 14:29:00,2.5,
1411,2022-01-05 14:30:00,2.5,
1412,2022-01-05 14:31:00,2.5,
1413,2022-01-05 14:32:00,2.5,
1414,2022-01-05 14:33:00,2.5,
1415,2022-01-05 14:34:00,2.5,
1416,2022-01-05 14:35:00,2.5,
1417,2022-01-05 14:36:00,2.5,
1418,2022-01-05 14:37:00,2.5,
1419,2022-01-05 14:38:00,2.5,
1420,2022-01-05 14:39:00,2.5,
1421,2022-01-05 14:40:00,2.5,
1422,2022-01-05 14:41:00,2.5,
1423,2022-01-05 14:42:00,2.5,
1424,2022-01-05 14:43:00,2.5,
1425,2022-01-05 14:44:00,2.5,
1426,2022-01-05 14:45:00,2.5,
1427,2022-01-05 14:46:00,2.5,
1428,2022-01-05 14:47:00,2.5,
1429,2022-01-05 14:48:00,2.5,
1430,2022-01-05 14:49:00,2.5,
1431,2022-01-05 14:50:00,2.5,
1432,2022-01-05 14:51:00,2.5,
1433,2022-01-05 14:52:00,2.5,
1434,2022-01-05 14:53:00,2.5,
1435,2022-01-05 14:54:00,2.5,
1436,2022-01-05 14:55:00,2.5,
1437,2022-01-05 14:56:00,2.0,
1438,2022-01-05 14:57:00,2.0,
1439,2022-01-05 14:58:00,2.0,
1440,2022-01-05 14:59:00,2.0,
1441,2022-01-05 15:00:00,2.0,
1442,2022-01-05 15:01:00,2.0,
1443,2022-01-05 15:02:00,2.0,
1444,2022-01-05 15:03:00,2.0,
1445,2022-01-05 15:04:00,2.0,
1446,2022-01-05 15:05:00,2.0,
1447,2022-01-05 15:06:00,2.0,
1448,2022-01-05 15:07:00,2.0,
1449,2022-01-05 15:08:00,2.0,
1450,2022-01-05 15:09:00,2.0,
1451,2022-01-05 15:10:00,2.0,
1452,2022-01-05 15:11:00,2.0,
1453,2022-01-05 15:12:00,2.0,
1454,2022-01-05 15:13:00,2.0,
1455,2022-01-05 15:14:00,2.0,
1456,2022-01-05 15:15:00,2.0,
1457,2022-01-05 15:16:00,2.0,
1458,2022-01-05 15:17:00,2.0,
1459,2022-01-05 15:18:00,2.0,
1460,2022-01-05 15:19:00,2.0,
1461,2022-01-05 15:20:00,2.0,
1462,2022-01-05 15:21:00,2.0,
1463,2022-01-05 15:22:00,2.0,
1464,2022-01-05 15:23:00,2.0,
1465,2022-01-05 15:24:00,2.0,
1466,2022-01-05 15:25:00,2.0,
1467,2022-01-05 15:26:00,2.0,
1468,2022-01-05 15:27:00,2.0,
1469,2022-01-05 15:28:00,2.0,
1470,2022-01-05 15:29:00,2.0,
1471,2022-01-05 15:30:00,2.0,
1472,2022-01-05 15:31:00,2.0,
1473,2022-01-05 15:32:00,2.0,
1474,2022-01-05 15:33:00,1.5,
1475,2022-01-05 15:34:00,1.5,
1476,2022-01-05 15:35:00,1.5,
1477,2022-01-05 15:36:00,1.5,
1478,2022-01-05 15:37:00,1.5,
1479,2022-01-05 15:38:00,1.5,
1480,2022-01-05 15:39:00,1.5,
1481,2022-01-05 15:40:00,1.5,
1482,2022-01-05 15:41:00,1.5,
1483,2022-01-05 15:42:00,1.5,
1484,2022-01-05 15:43:00,1.5,
1485,2022-01-05 15:44:00,1.5,
1486,2022-01-05 15:45:00,1.5,
1487,2022-01-05 15:46:00,1.5,
1488,2022-01-05 15:47:00,1.5,
1489,2022-01-05 15:48:00,1.5,
1490,2022-01-05 15:49:00,1.5,
1491,2022-01-05 15:50:00,1.5,
1492,2022-01-05 15:51:00,1.5,
1493,2022-01-05 15:52:00,1.5,
1494,2022-01-05 15:53:00,1.5,
1495,2022-01-05 15:54:00,1.5,
1496,2022-01-05 15:55:00,1.5,
1497,2022-01-05 15:56:00,1.5,
1498,2022-01-05 15:57:00,1.5,
1499,2022-01-05 15:58:00,1.5,
1500,2022-01-05 15:59:00,1.5,
1501,2022-01-05 16:00:00,1.5,
1502,2022-01-05 16:01:00,1.0,
1503,2022-01-05 16:02:00,1.5,
1504,2022-01-05 16:03:00,1.0,
1505,2022-01-05 16:04:00,1.0,
1506,2022-01-05 16:05:00,1.0,
1507,2022-01-05 16:06:00,1.0,
1508,2022-01-05 16:07:00,1.0,
1509,2022-01-05 16:08:00,1.0,
1510,2022-01-05 16:09:00,1.0,
1511,2022-01-05 16:10:00,1.0,
1512,2022-01-05 16:11:00,1.0,
1513,2022-01-05 16:12:00,1.0,
1514,2022-01-05 16:13:00,1.0,
1515,2022-01-05 16:14:00,1.0,
1516,2022-01-05 16:15:00,1.0,
1517,2022-01-05 16:16:00,1.0,
1518,2022-01-05 16:17:00,1.0,
1519,2022-01-05 16:18:00,1.0,
1520,2022-01-05 16:19:00,1.0,
1521,2022-01-05 16:20:00,1.0,
1522,2022-01-05 16:21:00,1.0,
1523,2022-01-05 16:22:00,1.0,
1524,2022-01-05 16:23:00,1.0,
1525,2022-01-05 16:24:00,1.0,
1526,2022-01-05 16:25:00,1.0,
1527,2022-01-05 16:26:00,1.0,
1528,2022-01-05 16:27:00,1.0,
1529,2022-01-05 16:28:00,1.0,
1530,2022-01-05 16:29:00,1.0,
1531,2022-01-05 16:30:00,1.0,
1532,2022-01-05 16:31:00,1.0,
1533,2022-01-05 16:32:00,1.0,
1534,2022-01-05 16:33:00,1.0,
1535,2022-01-05 16:34:00,1.0,
1536,2022-01-05 16:35:00,1.0,
1537,2022-01-05 16:36:00,1.0,
1538,2022-01-05 16:37:00,1.0,
1539,2022-01-05 16:38:00,1.0,
1540,2022-01-05 16:39:00,1.0,
1541,2022-01-05 16:40:00,1.0,
1542,2022-01-05 16:41:00,1.0,
1543,2022-01-05 16:42:00,1.0,
1544,2022-01-05 16:43:00,1.0,
1545,2022-01-05 16:44:00,1.0,
1546,2022-01-05 16:45:00,1.0,
1547,2022-01-05 16:46:00,1.0,
1548,2022-01-05 16:47:00,1.0,
1549,2022-01-05 16:48:00,1.0,
1550,2022-01-05 16:49:00,1.0,
1551,2022-01-05 16:50:00,1.0,
1552,2022-01-05 16:51:00,1.0,
1553,2022-01-05 16:52:00,1.0,
1554,2022-01-05 16:53:00,1.0,
1555,2022-01-05 16:54:00,1.0,
1556,2022-01-05 16:55:00,1.0,
1557,2022-01-05 16:56:00,1.0,
1558,2022-01-05 16:57:00,1.0,
1559,2022-01-05 16:58:00,1.0,
1560,2022-01-05 16:59:00,1.0,
1561,2022-01-05 17:00:00,1.0,
1562,2022-01-05 17:01:00,1.0,
1563,2022-01-05 17:02:00,1.0,
1564,2022-01-05 17:03:00,1.0,
1565,2022-01-05 17:04:00,1.0,
1566,2022-01-05 17:05:00,1.0,
1567,2022-01-05 17:06:00,1.0,
1568,2022-01-05 17:07:00,1.0,
1569,2022-01-05 17:08:00,1.0,
1570,2022-01-05 17:09:00,1.0,
1571,2022-01-05 17:10:00,1.0,
1572,2022-01-05 17:11:00,1.0,
1573,2022-01-05 17:12:00,1.0,
1574,2022-01-05 17:13:00,1.0,
1575,2022-01-05 17:14:00,1.0,
1576,2022-01-05 17:15:00,1.0,
1577,2022-01-05 17:16:00,1.0,
1578,2022-01-05 17:17:00,1.0,
1579,2022-01-05 17:18:00,1.0,
1580,2022-01-05 17:19:00,1.0,
1581,2022-01-05 17:20:00,1.0,
1582,2022-01-05 17:21:00,1.0,
1583,2022-01-05 17:22:00,1.0,
1584,2022-01-05 17:23:00,1.0,
1585,2022-01-05 17:24:00,1.0,
1586,2022-01-05 17:25:00,1.0,
1587,2022-01-05 17:26:00,1.0,
1588,2022-01-05 17:27:00,1.0,
1589,2022-01-05 17:28:00,1.0,
1590,2022-01-05 17:29:00,1.0,
1591,2022-01-05 17:30:00,1.0,
1592,2022-01-05 17:31:00,1.0,
1593,2022-01-05 17:32:00,1.0,
1594,2022-01-05 17:33:00,1.0,
1595,2022-01-05 17:34:00,1.0,
1596,2022-01-05 17:35:00,1.0,
1597,2022-01-05 17:36:00,1.0,
1598,2022-01-05 17:37:00,1.0,
1599,2022-01-05 17:38:00,1.0,
1600,2022-01-05 17:39:00,1.0,
1601,2022-01-05 17:40:00,1.0,
1602,2022-01-05 17:41:00,1.0,
1603,2022-01-05 17:42:00,1.0,
1604,2022-01-05 17:43:00,1.0,
1605,2022-01-05 17:44:00,1.0,
1606,2022-01-05 17:45:00,1.0,
1607,2022-01-05 17:46:00,1.0,
1608,2022-01-05 17:47:00,1.0,
1609,2022-01-05 17:48:00,1.0,
1610,2022-01-05 17:49:00,1.0,
1611,2022-01-05 17:50:00,1.0,
1612,2022-01-05 17:51:00,1.0,
1613,2022-01-05 17:52:00,1.0,
1614,2022-01-05 17:53:00,1.0,
1615,2022-01-05 17:54:00,1.0,
1616,2022-01-05 17:55:00,1.0,
1617,2022-01-05 17:56:00,1.0,
1618,2022-01-05 17:57:00,1.0,
1619,2022-01-05 17:58:00,1.0,
1620,2022-01-05 17:59:00,1.0,
1621,2022-01-05 18:00:00,1.0,
1622,2022-01-05 18:01:00,1.0,
1623,2022-01-05 18:02:00,1.0,
1624,2022-01-05 18:03:00,1.0,
1625,2022-01-05 18:04:00,1.0,
1626,2022-01-05 18:05:00,1.0,
1627,2022-01-05 18:06:00,1.0,
1628,2022-01-05 18:07:00,1.0,
1629,2022-01-05 18:08:00,1.0,
1630,2022-01-05 18:09:00,1.0,
1631,2022-01-05 18:10:00,1.0,
1632,2022-01-05 18:11:00,1.0,
1633,2022-01-05 18:12:00,1.0,
1634,2022-01-05 18:13:00,1.0,
1635,2022-01-05 18:14:00,1.0,
1636,2022-01-05 18:15:00,1.0,
1637,2022-01-05 18:16:00,1.0,
1638,2022-01-05 18:17:00,1.0,
1639,2022-01-05 18:18:00,1.0,
1640,2022-01-05 18:19:00,1.0,
1641,2022-01-05 18:20:00,1.0,
1642,2022-01-05 18:21:00,1.0,
1643,2022-01-05 18:22:00,1.0,
1644,2022-01-05 18:23:00,1.0,
1645,2022-01-05 18:24:00,1.0,
1646,2022-01-05 18:25:00,1.0,
1647,2022-01-05 18:26:00,1.0,
1648,2022-01-05 18:27:00,1.0,
1649,2022-01-05 18:28:00,1.0,
1650,2022-01-05 18:29:00,1.0,
1651,2022-01-05 18:30:00,1.0,
1652,2022-01-05 18:31:00,1.0,
1653,2022-01-05 18:32:00,1.0,
1654,2022-01-05 18:33:00,1.0,
1655,2022-01-05 18:34:00,1.0,
1656,2022-01-05 18:35:00,1.0,
1657,2022-01-05 18:36:00,1.0,
1658,2022-01-05 18:37:00,1.0,
1659,2022-01-05 18:38:00,0.5,
1660,2022-01-05 18:39:00,0.5,
1661,2022-01-05 18:40:00,0.5,
1662,2022-01-05 18:41:00,0.5,
1663,2022-01-05 18:42:00,0.5,
1664,2022-01-05 18:43:00,0.5,
1665,2022-01-05 18:44:00,0.5,
1666,2022-01-05 18:45:00,0.5,
1667,2022-01-05 18:46:00,0.5,
1668,2022-01-05 18:47:00,0.5,
1669,2022-01-05 18:48:00,0.5,
1670,2022-01-05 18:49:00,0.5,
1671,2022-01-05 18:50:00,0.5,
1672,2022-01-05 18:51:00,0.5,
1673,2022-01-05 18:52:00,0.5,
1674,2022-01-05 18:53:00,0.5,
1675,2022-01-05 18:54:00,0.5,
1676,2022-01-05 18:55:00,0.5,
1677,2022-01-05 18:56:00,0.5,
1678,2022-01-05 18:57:00,0.5,
1679,2022-01-05 18:58:00,0.5,
1680,2022-01-05 18:59:00,0.5,
1681,2022-01-05 19:00:00,0.5,
1682,2022-01-05 19:01:00,0.5,
1683,2022-01-05 19:02:00,0.5,
1684,2022-01-05 19:03:00,0.5,
1685,2022-01-05 19:04:00,0.5,
1686,2022-01-05 19:05:00,0.5,
1687,2022-01-05 19:06:00,0.5,
1688,2022-01-05 19:07:00,0.5,
1689,2022-01-05 19:08:00,0.5,
1690,2022-01-05 19:09:00,0.5,
1691,2022-01-05 19:10:00,0.5,
1692,2022-01-05 19:11:00,0.5,
1693,2022-01-05 19:12:00,0.5,
1694,2022-01-05 19:13:00,0.5,
1695,2022-01-05 19:14:00,0.5,
1696,2022-01-05 19:15:00,0.5,
1697,2022-01-05 19:16:00,0.5,
1698,2022-01-05 19:17:00,0.5,
1699,2022-01-05 19:18:00,0.5,
1700,2022-01-05 19:19:00,0.5,
1701,2022-01-05 19:20:00,0.5,
1702,2022-01-05 19:21:00,0.5,
1703,2022-01-05 19:22:00,0.5,
1704,2022-01-05 19:23:00,0.5,
1705,2022-01-05 19:24:00,0.5,
1706,2022-01-05 19:25:00,0.0,
1707,2022-01-05 19:26:00,0.0,
1708,2022-01-05 19:27:00,0.0,
1709,2022-01-05 19:28:00,0.0,
1710,2022-01-05 19:29:00,0.0,
1711,2022-01-05 19:30:00,0.0,
1712,2022-01-05 19:31:00,0.0,
1713,2022-01-05 19:32:00,0.0,
1714,2022-01-05 19:33:00,0.0,
1715,2022-01-05 19:34:00,0.0,
1716,2022-01-05 19:35:00,0.0,
1717,2022-01-05 19:36:00,0.0,
1718,2022-01-05 19:37:00,0.0,
1719,2022-01-05 19:38:00,0.0,
1720,2022-01-05 19:39:00,0.0,
1721,2022-01-05 19:40:00,0.0,
1722,2022-01-05 19:41:00,0.0,
1723,2022-01-05 19:42:00,0.0,
1724,2022-01-05 19:43:00,0.0,
1725,2022-01-05 19:44:00,0.0,
1726,2022-01-05 19:45:00,0.0,
1727,2022-01-05 19:46:00,0.0,
1728,2022-01-05 19:47:00,0.0,
1729,2022-01-05 19:48:00,0.0,
1730,2022-01-05 19:49:00,0.0,
1731,2022-01-05 19:50:00,0.0,
1732,2022-01-05 19:51:00,0.0,
1733,2022-01-05 19:52:00,0.0,
1734,2022-01-05 19:53:00,0.0,
1735,2022-01-05 19:54:00,0.0,
1736,2022-01-05 19:55:00,0.0,
1737,2022-01-05 19:56:00,0.0,
1738,2022-01-05 19:57:00,-0.5,
1739,2022-01-05 19:58:00,-0.5,
1740,2022-01-05 19:59:00,-0.5,
1741,2022-01-05 20:00:00,-0.5,
1742,2022-01-05 20:01:00,-0.5,
1743,2022-01-05 20:02:00,-0.5,
1744,2022-01-05 20:03:00,-0.5,
1745,2022-01-05 20:04:00,-0.5,
1746,2022-01-05 20:05:00,-0.5,
1747,2022-01-05 20:06:00,-0.5,
1748,2022-01-05 20:07:00,-0.5,
1749,2022-01-05 20:08:00,-0.5,
1750,2022-01-05 20:09:00,-0.5,
1751,2022-01-05 20:10:00,-0.5,
1752,2022-01-05 20:11:00,-0.5,
1753,2022-01-05 20:12:00,-0.5,
1754,2022-01-05 20:13:00,-0.5,
1755,2022-01-05 20:14:00,-0.5,
1756,2022-01-05 20:15:00,-0.5,
1757,2022-01-05 20:16:00,-0.5,
1758,2022-01-05 20:17:00,-0.5,
1759,2022-01-05 20:18:00,-0.5,
1760,2022-01-05 20:19:00,-0.5,
1761,2022-01-05 20:20:00,-0.5,
1762,2022-01-05 20:21:00,-0.5,
1763,2022-01-05 20:22:00,-0.5,
1764,2022-01-05 20:23:00,-0.5,
1765,2022-01-05 20:24:00,-0.5,
1766,2022-01-05 20:25:00,-0.5,
1767,2022-01-05 20:26:00,-0.5,
1768,2022-01-05 20:27:00,-0.5,
1769,2022-01-05 20:28:00,0.0,
1770,2022-01-05 20:29:00,0.0,
1771,2022-01-05 20:30:00,0.0,
1772,2022-01-05 20:31:00,0.0,
1773,2022-01-05 20:32:00,0.0,
1774,2022-01-05 20:33:00,0.0,
1775,2022-01-05 20:34:00,0.0,
1776,2022-01-05 20:35:00,0.0,
1777,2022-01-05 20:36:00,0.0,
1778,2022-01-05 20:37:00,0.0,
1779,2022-01-05 20:38:00,0.0,
1780,2022-01-05 20:39:00,0.0,
1781,2022-01-05 20:40:00,0.0,
1782,2022-01-05 20:41:00,0.0,
1783,2022-01-05 20:42:00,0.0,
1784,2022-01-05 20:43:00,0.0,
1785,2022-01-05 20:44:00,0.0,
1786,2022-01-05 20:45:00,0.0,
1787,2022-01-05 20:46:00,0.0,
1788,2022-01-05 20:47:00,0.0,
1789,2022-01-05 20:48:00,0.0,
1790,2022-01-05 20:49:00,0.0,
1791,2022-01-05 20:50:00,0.0,
1792,2022-01-05 20:51:00,0.0,
1793,2022-01-05 20:52:00,0.0,
1794,2022-01-05 20:53:00,0.0,
1795,2022-01-05 20:54:00,0.0,
1796,2022-01-05 20:55:00,0.0,
1797,2022-01-05 20:56:00,0.0,
1798,2022-01-05 20:57:00,0.0,
1799,2022-01-05 20:58:00,0.0,
1800,2022-01-05 20:59:00,0.0,
1801,2022-01-05 21:00:00,0.0,
1802,2022-01-05 21:01:00,0.0,
1803,2022-01-05 21:02:00,0.0,
1804,2022-01-05 21:03:00,0.0,
1805,2022-01-05 21:04:00,0.0,
1806,2022-01-05 21:05:00,0.0,
1807,2022-01-05 21:06:00,0.0,
1808,2022-01-05 21:07:00,0.0,
1809,2022-01-05 21:08:00,0.0,
1810,2022-01-05 21:09:00,0.0,
1811,2022-01-05 21:10:00,0.0,
1812,2022-01-05 21:11:00,0.0,
1813,2022-01-05 21:12:00,0.0,
1814,2022-01-05 21:13:00,0.0,
1815,2022-01-05 21:14:00,0.0,
1816,2022-01-05 21:15:00,0.0,
1817,2022-01-05 21:16:00,0.5,
1818,2022-01-05 21:17:00,0.5,
1819,2022-01-05 21:18:00,0.5,
1820,2022-01-05 21:19:00,0.5,
1821,2022-01-05 21:20:00,0.5,
1822,2022-01-05 21:21:00,0.5,
1823,2022-01-05 21:22:00,0.5,
1824,2022-01-05 21:23:00,0.5,
1825,2022-01-05 21:24:00,0.5,
1826,2022-01-05 21:25:00,0.5,
1827,2022-01-05 21:26:00,0.5,
1828,2022-01-05 21:27:00,0.5,
1829,2022-01-05 21:28:00,0.5,
1830,2022-01-05 21:29:00,0.5,
1831,2022-01-05 21:30:00,0.5,
1832,2022-01-05 21:31:00,0.5,
1833,2022-01-05 21:32:00,0.5,
1834,2022-01-05 21:33:00,0.5,
1835,2022-01-05 21:34:00,0.5,
1836,2022-01-05 21:35:00,0.5,
1837,2022-01-05 21:36:00,0.5,
1838,2022-01-05 21:37:00,0.5,
1839,2022-01-05 21:38:00,0.0,
1840,2022-01-05 21:39:00,0.0,
1841,2022-01-05 21:40:00,0.0,
1842,2022-01-05 21:41:00,0.0,
1843,2022-01-05 21:42:00,0.0,
1844,2022-01-05 21:43:00,0.0,
1845,2022-01-05 21:44:00,0.0,
1846,2022-01-05 21:45:00,0.0,
1847,2022-01-05 21:46:00,0.0,
1848,2022-01-05 21:47:00,0.0,
1849,2022-01-05 21:48:00,0.0,
1850,2022-01-05 21:49:00,0.0,
1851,2022-01-05 21:50:00,0.0,
1852,2022-01-05 21:51:00,0.0,
1853,2022-01-05 21:52:00,0.0,
1854,2022-01-05 21:53:00,0.0,
1855,2022-01-05 21:54:00,0.0,
1856,2022-01-05 21:55:00,0.0,
1857,2022-01-05 21:56:00,0.0,
1858,2022-01-05 21:57:00,0.0,
1859,2022-01-05 21:58:00,0.0,
1860,2022-01-05 21:59:00,0.0,
1861,2022-01-05 22:00:00,0.0,
1862,2022-01-05 22:01:00,-0.5,
1863,2022-01-05 22:02:00,-0.5,
1864,2022-01-05 22:03:00,-0.5,
1865,2022-01-05 22:04:00,-0.5,
1866,2022-01-05 22:05:00,-0.5,
1867,2022-01-05 22:06:00,-0.5,
1868,2022-01-05 22:07:00,-0.5,
1869,2022-01-05 22:08:00,-0.5,
1870,2022-01-05 22:09:00,-0.5,
1871,2022-01-05 22:10:00,-0.5,
1872,2022-01-05 22:11:00,-0.5,
1873,2022-01-05 22:12:00,-0.5,
1874,2022-01-05 22:13:00,-0.5,
1875,2022-01-05 22:14:00,-0.5,
1876,2022-01-05 22:15:00,-0.5,
1877,2022-01-05 22:16:00,-0.5,
1878,2022-01-05 22:17:00,-0.5,
1879,2022-01-05 22:18:00,-0.5,
1880,2022-01-05 22:19:00,-0.5,
1881,2022-01-05 22:20:00,-0.5,
1882,2022-01-05 22:21:00,-0.5,
1883,2022-01-05 22:22:00,-0.5,
1884,2022-01-05 22:23:00,-0.5,
1885,2022-01-05 22:24:00,-0.5,
1886,2022-01-05 22:25:00,-0.5,
1887,2022-01-05 22:26:00,-0.5,
1888,2022-01-05 22:27:00,-0.5,
1889,2022-01-05 22:28:00,-0.5,
1890,2022-01-05 22:29:00,-0.5,
1891,2022-01-05 22:30:00,-0.5,
1892,2022-01-05 22:31:00,-0.5,
1893,2022-01-05 22:32:00,-0.5,
1894,2022-01-05 22:33:00,-0.5,
1895,2022-01-05 22:34:00,-0.5,
1896,2022-01-05 22:35:00,-0.5,
1897,2022-01-05 22:36:00,-0.5,
1898,2022-01-05 22:37:00,-0.5,
1899,2022-01-05 22:38:00,-0.5,
1900,2022-01-05 22:39:00,0.0,
1901,2022-01-05 22:40:00,0.0,
1902,2022-01-05 22:41:00,0.0,
1903,2022-01-05 22:42:00,0.0,
1904,2022-01-05 22:43:00,0.0,
1905,2022-01-05 22:44:00,0.0,
1906,2022-01-05 22:45:00,0.0,
1907,2022-01-05 22:46:00,0.0,
1908,2022-01-05 22:47:00,0.0,
1909,2022-01-05 22:48:00,-0.5,
1910,2022-01-05 22:49:00,-0.5,
1911,2022-01-05 22:50:00,-0.5,
1912,2022-01-05 22:51:00,-0.5,
1913,2022-01-05 22:52:00,-0.5,
1914,2022-01-05 22:53:00,-0.5,
1915,2022-01-05 22:54:00,-0.5,
1916,2022-01-05 22:55:00,-0.5,
1917,2022-01-05 22:56:00,-0.5,
1918,2022-01-05 22:57:00,-0.5,
1919,2022-01-05 22:58:00,-0.5,
1920,2022-01-05 22:59:00,-0.5,
1921,2022-01-05 23:00:00,-0.5,
1922,2022-01-05 23:01:00,-0.5,
1923,2022-01-05 23:02:00,-0.5,
1924,2022-01-05 23:03:00,-0.5,
1925,2022-01-05 23:04:00,-0.5,
1926,2022-01-05 23:05:00,-0.5,
1927,2022-01-05 23:06:00,-0.5,
1928,2022-01-05 23:07:00,-0.5,
1929,2022-01-05 23:08:00,-0.5,
1930,2022-01-05 23:09:00,-0.5,
1931,2022-01-05 23:10:00,-0.5,
1932,2022-01-05 23:11:00,-0.5,
1933,2022-01-05 23:12:00,-0.5,
1934,2022-01-05 23:13:00,-0.5,
1935,2022-01-05 23:14:00,-0.5,
1936,2022-01-05 23:15:00,-0.5,
1937,2022-01-05 23:16:00,-0.5,
1938,2022-01-05 23:17:00,-0.5,
1939,2022-01-05 23:18:00,-0.5,
1940,2022-01-05 23:19:00,-0.5,
1941,2022-01-05 23:20:00,-0.5,
1942,2022-01-05 23:21:00,-0.5,
1943,2022-01-05 23:22:00,-0.5,
1944,2022-01-05 23:23:00,-1.0,
1945,2022-01-05 23:24:00,-1.0,
1946,2022-01-05 23:25:00,-1.0,
1947,2022-01-05 23:26:00,-1.0,
1948,2022-01-05 23:27:00,-1.0,
1949,2022-01-05 23:28:00,-1.0,
1950,2022-01-05 23:29:00,-1.0,
1951,2022-01-05 23:30:00,-1.0,
1952,2022-01-05 23:31:00,-1.0,
1953,2022-01-05 23:32:00,-1.0,
1954,2022-01-05 23:33:00,-1.0,
1955,2022-01-05 23:34:00,-1.0,
1956,2022-01-05 23:35:00,-1.0,
1957,2022-01-05 23:36:00,-1.0,
1958,2022-01-05 23:37:00,-1.0,
1959,2022-01-05 23:38:00,-1.0,
1960,2022-01-05 23:39:00,-1.0,
1961,2022-01-05 23:40:00,-1.0,
1962,2022-01-05 23:41:00,-1.0,
1963,2022-01-05 23:42:00,-1.0,
1964,2022-01-05 23:43:00,-1.0,
1965,2022-01-05 23:44:00,-1.0,
1966,2022-01-05 23:45:00,-1.0,
1967,2022-01-05 23:46:00,-1.0,
1968,2022-01-05 23:47:00,-1.0,
1969,2022-01-05 23:48:00,-1.0,
1970,2022-01-05 23:49:00,-1.0,
1971,2022-01-05 23:50:00,-1.0,
1972,2022-01-05 23:51:00,-1.0,
1973,2022-01-05 23:52:00,-1.0,
1974,2022-01-05 23:53:00,-1.0,
1975,2022-01-05 23:54:00,-1.0,
1976,2022-01-05 23:55:00,-1.0,
1977,2022-01-05 23:56:00,-1.0,
1978,2022-01-05 23:57:00,-1.0,
1979,2022-01-05 23:58:00,-1.0,
1980,2022-01-05 23:59:00,-1.0,
1981,2022-01-06 00:00:00,-1.0,
1982,2022-01-06 00:01:00,-1.0,
1983,2022-01-06 00:02:00,-1.0,
1984,2022-01-06 00:03:00,-1.0,
1985,2022-01-06 00:04:00,-1.0,
1986,2022-01-06 00:05:00,-1.0,
1987,2022-01-06 00:06:00,-1.0,
1988,2022-01-06 00:07:00,-1.0,
1989,2022-01-06 00:08:00,-1.0,
1990,2022-01-06 00:09:00,-1.0,
1991,2022-01-06 00:10:00,-1.0,
1992,2022-01-06 00:11:00,-1.0,
1993,2022-01-06 00:12:00,-1.0,
1994,2022-01-06 00:13:00,-1.0,
1995,2022-01-06 00:14:00,-1.0,
1996,2022-01-06 00:15:00,-1.0,
1997,2022-01-06 00:16:00,-1.0,
1998,2022-01-06 00:17:00,-1.0,
1999,2022-01-06 00:18:00,-1.0,
2000,2022-01-06 00:19:00,-1.0,
2001,2022-01-06 00:20:00,-1.0,
2002,2022-01-06 00:21:00,-1.0,
2003,2022-01-06 00:22:00,-1.0,
2004,2022-01-06 00:23:00,-1.0,
2005,2022-01-06 00:24:00,-1.0,
2006,2022-01-06 00:25:00,-1.0,
2007,2022-01-06 00:26:00,-1.0,
2008,2022-01-06 00:27:00,-1.0,
2009,2022-01-06 00:28:00,-1.0,
2010,2022-01-06 00:29:00,-1.0,
2011,2022-01-06 00:30:00,-1.0,
2012,2022-01-06 00:31:00,-1.0,
2013,2022-01-06 00:32:00,-1.0,
2014,2022-01-06 00:33:00,-1.0,
2015,2022-01-06 00:34:00,-1.5,
2016,2022-01-06 00:35:00,-1.5,
2017,2022-01-06 00:36:00,-1.5,
2018,2022-01-06 00:37:00,-1.5,
2019,2022-01-06 00:38:00,-1.5,
2020,2022-01-06 00:39:00,-1.5,
2021,2022-01-06 00:40:00,-1.5,
2022,2022-01-06 00:41:00,-1.5,
2023,2022-01-06 00:42:00,-1.5,
2024,2022-01-06 00:43:00,-1.5,
2025,2022-01-06 00:44:00,-1.5,
2026,2022-01-06 00:45:00,-1.5,
2027,2022-01-06 00:46:00,-1.5,
2028,2022-01-06 00:47:00,-1.5,
2029,2022-01-06 00:48:00,-1.5,
2030,2022-01-06 00:49:00,-1.5,
2031,2022-01-06 00:50:00,-1.5,
2032,2022-01-06 00:51:00,-1.5,
2033,2022-01-06 00:52:00,-1.5,
2034,2022-01-06 00:53:00,-1.5,
2035,2022-01-06 00:54:00,-1.5,
2036,2022-01-06 00:55:00,-1.5,
2037,2022-01-06 00:56:00,-1.5,
2038,2022-01-06 00:57:00,-1.5,
2039,2022-01-06 00:58:00,-1.5,
2040,2022-01-06 00:59:00,-1.5,
2041,2022-01-06 01:00:00,-1.5,
2042,2022-01-06 01:01:00,-1.5,
2043,2022-01-06 01:02:00,-2.0,
2044,2022-01-06 01:03:00,-2.0,
2045,2022-01-06 01:04:00,-2.0,
2046,2022-01-06 01:05:00,-2.0,
2047,2022-01-06 01:06:00,-2.0,
2048,2022-01-06 01:07:00,-2.0,
2049,2022-01-06 01:08:00,-2.0,
2050,2022-01-06 01:09:00,-2.0,
2051,2022-01-06 01:10:00,-2.0,
2052,2022-01-06 01:11:00,-2.0,
2053,2022-01-06 01:12:00,-2.0,
2054,2022-01-06 01:13:00,-2.0,
2055,2022-01-06 01:14:00,-2.0,
2056,2022-01-06 01:15:00,-2.0,
2057,2022-01-06 01:16:00,-2.0,
2058,2022-01-06 01:17:00,-2.0,
2059,2022-01-06 01:18:00,-2.0,
2060,2022-01-06 01:19:00,-2.0,
2061,2022-01-06 01:20:00,-2.0,
2062,2022-01-06 01:21:00,-2.0,
2063,2022-01-06 01:22:00,-2.0,
2064,2022-01-06 01:23:00,-2.0,
2065,2022-01-06 01:24:00,-2.0,
2066,2022-01-06 01:25:00,-2.0,
2067,2022-01-06 01:26:00,-2.0,
2068,2022-01-06 01:27:00,-2.0,
2069,2022-01-06 01:28:00,-2.0,
2070,2022-01-06 01:29:00,-2.0,
2071,2022-01-06 01:30:00,-2.0,
2072,2022-01-06 01:31:00,-2.0,
2073,2022-01-06 01:32:00,-2.0,
2074,2022-01-06 01:33:00,-2.0,
2075,2022-01-06 01:34:00,-2.0,
2076,2022-01-06 01:35:00,-2.0,
2077,2022-01-06 01:36:00,-2.0,
2078,2022-01-06 01:37:00,-2.0,
2079,2022-01-06 01:38:00,-2.0,
2080,2022-01-06 01:39:00,-2.0,
2081,2022-01-06 01:40:00,-2.0,
2082,2022-01-06 01:41:00,-2.0,
2083,2022-01-06 01:42:00,-2.0,
2084,2022-01-06 01:43:00,-2.0,
2085,2022-01-06 01:44:00,-2.0,
2086,2022-01-06 01:45:00,-2.0,
2087,2022-01-06 01:46:00,-2.0,
2088,2022-01-06 01:47:00,-2.0,
2089,2022-01-06 01:48:00,-2.0,
2090,2022-01-06 01:49:00,-2.0,
2091,2022-01-06 01:50:00,-2.0,
2092,2022-01-06 01:51:00,-2.0,
2093,2022-01-06 01:52:00,-2.0,
2094,2022-01-06 01:53:00,-2.0,
2095,2022-01-06 01:54:00,-2.0,
2096,2022-01-06 01:55:00,-2.0,
2097,2022-01-06 01:56:00,-2.0,
2098,2022-01-06 01:57:00,-2.5,
2099,2022-01-06 01:58:00,-2.5,
2100,2022-01-06 01:59:00,-2.5,
2101,2022-01-06 02:00:00,-2.5,
2102,2022-01-06 02:01:00,-2.5,
2103,2022-01-06 02:02:00,-2.5,
2104,2022-01-06 02:03:00,-2.5,
2105,2022-01-06 02:04:00,-2.5,
2106,2022-01-06 02:05:00,-2.5,
2107,2022-01-06 02:06:00,-2.5,
2108,2022-01-06 02:07:00,-2.5,
2109,2022-01-06 02:08:00,-2.5,
2110,2022-01-06 02:09:00,-2.5,
2111,2022-01-06 02:10:00,-2.5,
2112,2022-01-06 02:11:00,-2.5,
2113,2022-01-06 02:12:00,-2.5,
2114,2022-01-06 02:13:00,-2.5,
2115,2022-01-06 02:14:00,-2.5,
2116,2022-01-06 02:15:00,-2.5,
2117,2022-01-06 02:16:00,-2.5,
2118,2022-01-06 02:17:00,-2.5,
2119,2022-01-06 02:18:00,-2.5,
2120,2022-01-06 02:19:00,-2.5,
2121,2022-01-06 02:20:00,-2.5,
2122,2022-01-06 02:21:00,-2.5,
2123,2022-01-06 02:22:00,-2.5,
2124,2022-01-06 02:23:00,-2.5,
2125,2022-01-06 02:24:00,-2.5,
2126,2022-01-06 02:25:00,-2.5,
2127,2022-01-06 02:26:00,-2.5,
2128,2022-01-06 02:27:00,-2.5,
2129,2022-01-06 02:28:00,-2.5,
2130,2022-01-06 02:29:00,-2.5,
2131,2022-01-06 02:30:00,-2.5,
2132,2022-01-06 02:31:00,-2.5,
2133,2022-01-06 02:32:00,-2.5,
2134,2022-01-06 02:33:00,-2.5,
2135,2022-01-06 02:34:00,-2.5,
2136,2022-01-06 02:35:00,-2.5,
2137,2022-01-06 02:36:00,-2.5,
2138,2022-01-06 02:37:00,-2.5,
2139,2022-01-06 02:38:00,-2.5,
2140,2022-01-06 02:39:00,-2.5,
2141,2022-01-06 02:40:00,-2.5,
2142,2022-01-06 02:41:00,-2.5,
2143,2022-01-06 02:42:00,-2.5,
2144,2022-01-06 02:43:00,-2.5,
2145,2022-01-06 02:44:00,-2.5,
2146,2022-01-06 02:45:00,-2.5,
2147,2022-01-06 02:46:00,-2.5,
2148,2022-01-06 02:47:00,-2.5,
2149,2022-01-06 02:48:00,-2.5,
2150,2022-01-06 02:49:00,-2.5,
2151,2022-01-06 02:50:00,-2.5,
2152,2022-01-06 02:51:00,-2.5,
2153,2022-01-06 02:52:00,-2.5,
2154,2022-01-06 02:53:00,-2.5,
2155,2022-01-06 02:54:00,-2.5,
2156,2022-01-06 02:55:00,-2.5,
2157,2022-01-06 02:56:00,-2.5,
2158,2022-01-06 02:57:00,-2.5,
2159,2022-01-06 02:58:00,-2.5,
2160,2022-01-06 02:59:00,-2.5,
2161,2022-01-06 03:00:00,-2.5,
2162,2022-01-06 03:01:00,-2.5,
2163,2022-01-06 03:02:00,-2.5,
2164,2022-01-06 03:03:00,-2.5,
2165,2022-01-06 03:04:00,-2.5,
2166,2022-01-06 03:05:00,-2.5,
2167,2022-01-06 03:06:00,-2.5,
2168,2022-01-06 03:07:00,-2.5,
2169,2022-01-06 03:08:00,-3.0,
2170,2022-01-06 03:09:00,-3.0,
2171,2022-01-06 03:10:00,-3.0,
2172,2022-01-06 03:11:00,-3.0,
2173,2022-01-06 03:12:00,-3.0,
2174,2022-01-06 03:13:00,-3.0,
2175,2022-01-06 03:14:00,-3.0,
2176,2022-01-06 03:15:00,-3.0,
2177,2022-01-06 03:16:00,-3.0,
2178,2022-01-06 03:17:00,-3.0,
2179,2022-01-06 03:18:00,-3.0,
2180,2022-01-06 03:19:00,-3.0,
2181,2022-01-06 03:20:00,-3.0,
2182,2022-01-06 03:21:00,-3.0,
2183,2022-01-06 03:22:00,-3.0,
2184,2022-01-06 03:23:00,-3.0,
2185,2022-01-06 03:24:00,-3.0,
2186,2022-01-06 03:25:00,-3.0,
2187,2022-01-06 03:26:00,-3.0,
2188,2022-01-06 03:27:00,-3.0,
2189,2022-01-06 03:28:00,-3.0,
2190,2022-01-06 03:29:00,-3.0,
2191,2022-01-06 03:30:00,-3.0,
2192,2022-01-06 03:31:00,-3.0,
2193,2022-01-06 03:32:00,-3.0,
2194,2022-01-06 03:33:00,-3.0,
2195,2022-01-06 03:34:00,-3.0,
2196,2022-01-06 03:35:00,-3.0,
2197,2022-01-06 03:36:00,-3.0,
2198,2022-01-06 03:37:00,-3.0,
2199,2022-01-06 03:38:00,-3.0,
2200,2022-01-06 03:39:00,-3.0,
2201,2022-01-06 03:40:00,-3.0,
2202,2022-01-06 03:41:00,-3.0,
2203,2022-01-06 03:42:00,-3.0,
2204,2022-01-06 03:43:00,-3.0,
2205,2022-01-06 03:44:00,-3.0,
2206,2022-01-06 03:45:00,-3.0,
2207,2022-01-06 03:46:00,-3.0,
2208,2022-01-06 03:47:00,-3.0,
2209,2022-01-06 03:48:00,-3.0,
2210,2022-01-06 03:49:00,-3.0,
2211,2022-01-06 03:50:00,-3.0,
2212,2022-01-06 03:51:00,-3.0,
2213,2022-01-06 03:52:00,-3.0,
2214,2022-01-06 03:53:00,-3.0,
2215,2022-01-06 03:54:00,-3.0,
2216,2022-01-06 03:55:00,-3.0,
2217,2022-01-06 03:56:00,-3.0,
2218,2022-01-06 03:57:00,-3.0,
2219,2022-01-06 03:58:00,-3.0,
2220,2022-01-06 03:59:00,-3.0,
2221,2022-01-06 04:00:00,-3.0,
2222,2022-01-06 04:01:00,-3.0,
2223,2022-01-06 04:02:00,-3.0,
2224,2022-01-06 04:03:00,-3.0,
2225,2022-01-06 04:04:00,-3.0,
2226,2022-01-06 04:05:00,-3.0,
2227,2022-01-06 04:06:00,-3.0,
2228,2022-01-06 04:07:00,-3.0,
2229,2022-01-06 04:08:00,-3.0,
2230,2022-01-06 04:09:00,-3.5,
2231,2022-01-06 04:10:00,-3.5,
2232,2022-01-06 04:11:00,-3.5,
2233,2022-01-06 04:12:00,-3.5,
2234,2022-01-06 04:13:00,-3.5,
2235,2022-01-06 04:14:00,-3.5,
2236,2022-01-06 04:15:00,-3.5,
2237,2022-01-06 04:16:00,-3.5,
2238,2022-01-06 04:17:00,-3.5,
2239,2022-01-06 04:18:00,-3.5,
2240,2022-01-06 04:19:00,-3.5,
2241,2022-01-06 04:20:00,-3.5,
2242,2022-01-06 04:21:00,-3.5,
2243,2022-01-06 04:22:00,-3.5,
2244,2022-01-06 04:23:00,-3.5,
2245,2022-01-06 04:24:00,-3.5,
2246,2022-01-06 04:25:00,-3.5,
2247,2022-01-06 04:26:00,-3.5,
2248,2022-01-06 04:27:00,-3.5,
2249,2022-01-06 04:28:00,-3.5,
2250,2022-01-06 04:29:00,-3.5,
2251,2022-01-06 04:30:00,-3.5,
2252,2022-01-06 04:31:00,-3.5,
2253,2022-01-06 04:32:00,-3.5,
2254,2022-01-06 04:33:00,-3.5,
2255,2022-01-06 04:34:00,-3.5,
2256,2022-01-06 04:35:00,-3.5,
2257,2022-01-06 04:36:00,-3.5,
2258,2022-01-06 04:37:00,-3.5,
2259,2022-01-06 04:38:00,-3.5,
2260,2022-01-06 04:39:00,-3.5,
2261,2022-01-06 04:40:00,-3.5,
2262,2022-01-06 04:41:00,-3.5,
2263,2022-01-06 04:42:00,-3.5,
2264,2022-01-06 04:43:00,-3.5,
2265,2022-01-06 04:44:00,-3.5,
2266,2022-01-06 04:45:00,-3.5,
2267,2022-01-06 04:46:00,-3.5,
2268,2022-01-06 04:47:00,-3.5,
2269,2022-01-06 04:48:00,-3.5,
2270,2022-01-06 04:49:00,-3.5,
2271,2022-01-06 04:50:00,-3.5,
2272,2022-01-06 04:51:00,-3.5,
2273,2022-01-06 04:52:00,-3.5,
2274,2022-01-06 04:53:00,-3.5,
2275,2022-01-06 04:54:00,-3.5,
2276,2022-01-06 04:55:00,-3.5,
2277,2022-01-06 04:56:00,-3.5,
2278,2022-01-06 04:57:00,-3.5,
2279,2022-01-06 04:58:00,-3.5,
2280,2022-01-06 04:59:00,-3.5,
2281,2022-01-06 05:00:00,-3.5,
2282,2022-01-06 05:01:00,-3.5,
2283,2022-01-06 05:02:00,-3.5,
2284,2022-01-06 05:03:00,-3.5,
2285,2022-01-06 05:04:00,-3.5,
2286,2022-01-06 05:05:00,-3.5,
2287,2022-01-06 05:06:00,-3.5,
2288,2022-01-06 05:07:00,-3.5,
2289,2022-01-06 05:08:00,-3.5,
2290,2022-01-06 05:09:00,-3.5,
2291,2022-01-06 05:10:00,-3.5,
2292,2022-01-06 05:11:00,-3.5,
2293,2022-01-06 05:12:00,-3.5,
2294,2022-01-06 05:13:00,-3.5,
2295,2022-01-06 05:14:00,-3.5,
2296,2022-01-06 05:15:00,-3.5,
2297,2022-01-06 05:16:00,-3.5,
2298,2022-01-06 05:17:00,-3.5,
2299,2022-01-06 05:18:00,-3.5,
2300,2022-01-06 05:19:00,-3.5,
2301,2022-01-06 05:20:00,-3.5,
2302,2022-01-06 05:21:00,-3.5,
2303,2022-01-06 05:22:00,-3.5,
2304,2022-01-06 05:23:00,-3.5,
2305,2022-01-06 05:24:00,-3.5,
2306,2022-01-06 05:25:00,-3.5,
2307,2022-01-06 05:26:00,-3.5,
2308,2022-01-06 05:27:00,-3.5,
2309,2022-01-06 05:28:00,-3.5,
2310,2022-01-06 05:29:00,-3.5,
2311,2022-01-06 05:30:00,-3.5,
2312,2022-01-06 05:31:00,-3.5,
2313,2022-01-06 05:32:00,-3.5,
2314,2022-01-06 05:33:00,-3.5,
2315,2022-01-06 05:34:00,-3.5,
2316,2022-01-06 05:35:00,-3.5,
2317,2022-01-06 05:36:00,-3.5,
2318,2022-01-06 05:37:00,-3.5,
2319,2022-01-06 05:38:00,-3.5,
2320,2022-01-06 05:39:00,-3.5,
2321,2022-01-06 05:40:00,-3.5,
2322,2022-01-06 05:41:00,-3.5,
2323,2022-01-06 05:42:00,-3.5,
2324,2022-01-06 05:43:00,-3.5,
2325,2022-01-06 05:44:00,-3.5,
2326,2022-01-06 05:45:00,-3.5,
2327,2022-01-06 05:46:00,-3.5,
2328,2022-01-06 05:47:00,-3.5,
2329,2022-01-06 05:48:00,-3.5,
2330,2022-01-06 05:49:00,-3.5,
2331,2022-01-06 05:50:00,-4.0,
2332,2022-01-06 05:51:00,-4.0,
2333,2022-01-06 05:52:00,-4.0,
2334,2022-01-06 05:53:00,-4.0,
2335,2022-01-06 05:54:00,-4.0,
2336,2022-01-06 05:55:00,-4.0,
2337,2022-01-06 05:56:00,-4.0,
2338,2022-01-06 05:57:00,-4.0,
2339,2022-01-06 05:58:00,-4.0,
2340,2022-01-06 05:59:00,-4.0,
2341,2022-01-06 06:00:00,-4.0,
2342,2022-01-06 06:01:00,-4.0,
2343,2022-01-06 06:02:00,-4.0,
2344,2022-01-06 06:03:00,-4.0,
2345,2022-01-06 06:04:00,-4.0,
2346,2022-01-06 06:05:00,-4.0,
2347,2022-01-06 06:06:00,-4.0,
2348,2022-01-06 06:07:00,-4.0,
2349,2022-01-06 06:08:00,-4.0,
2350,2022-01-06 06:09:00,-4.0,
2351,2022-01-06 06:10:00,-4.0,
2352,2022-01-06 06:11:00,-3.5,
2353,2022-01-06 06:12:00,-3.5,
2354,2022-01-06 06:13:00,-3.5,
2355,2022-01-06 06:14:00,-3.5,
2356,2022-01-06 06:15:00,-3.5,
2357,2022-01-06 06:16:00,-3.5,
2358,2022-01-06 06:17:00,-3.5,
2359,2022-01-06 06:18:00,-3.5,
2360,2022-01-06 06:19:00,-3.5,
2361,2022-01-06 06:20:00,-3.5,
2362,2022-01-06 06:21:00,-3.5,
2363,2022-01-06 06:22:00,-3.5,
2364,2022-01-06 06:23:00,-3.5,
2365,2022-01-06 06:24:00,-3.5,
2366,2022-01-06 06:25:00,-3.5,
2367,2022-01-06 06:26:00,-3.5,
2368,2022-01-06 06:27:00,-3.5,
2369,2022-01-06 06:28:00,-3.5,
2370,2022-01-06 06:29:00,-3.5,
2371,2022-01-06 06:30:00,-3.5,
2372,2022-01-06 06:31:00,-3.5,
2373,2022-01-06 06:32:00,-3.5,
2374,2022-01-06 06:33:00,-3.5,
2375,2022-01-06 06:34:00,-3.5,
2376,2022-01-06 06:35:00,-3.5,
2377,2022-01-06 06:36:00,-3.5,
2378,2022-01-06 06:37:00,-3.5,
2379,2022-01-06 06:38:00,-3.5,
2380,2022-01-06 06:39:00,-3.5,
2381,2022-01-06 06:40:00,-3.5,
2382,2022-01-06 06:41:00,-3.5,
2383,2022-01-06 06:42:00,-3.5,
2384,2022-01-06 06:43:00,-3.5,
2385,2022-01-06 06:44:00,-3.5,
2386,2022-01-06 06:45:00,-3.5,
2387,2022-01-06 06:46:00,-3.5,
2388,2022-01-06 06:47:00,-3.5,
2389,2022-01-06 06:48:00,-3.5,
2390,2022-01-06 06:49:00,-3.5,
2391,2022-01-06 06:50:00,-3.5,
2392,2022-01-06 06:51:00,-3.5,
2393,2022-01-06 06:52:00,-3.5,
2394,2022-01-06 06:53:00,-3.5,
2395,2022-01-06 06:54:00,-3.5,
2396,2022-01-06 06:55:00,-3.5,
2397,2022-01-06 06:56:00,-3.5,
2398,2022-01-06 06:57:00,-3.5,
2399,2022-01-06 06:58:00,-3.5,
2400,2022-01-06 06:59:00,-3.5,
2401,2022-01-06 07:00:00,-3.5,
2402,2022-01-06 07:01:00,-3.5,
2403,2022-01-06 07:02:00,-3.5,
2404,2022-01-06 07:03:00,-3.5,
2405,2022-01-06 07:04:00,-3.5,
2406,2022-01-06 07:05:00,-3.5,
2407,2022-01-06 07:06:00,-3.5,
2408,2022-01-06 07:07:00,-3.5,
2409,2022-01-06 07:08:00,-3.5,
2410,2022-01-06 07:09:00,-3.5,
2411,2022-01-06 07:10:00,-3.5,
2412,2022-01-06 07:11:00,-4.0,
2413,2022-01-06 07:12:00,-4.0,
2414,2022-01-06 07:13:00,-4.0,
2415,2022-01-06 07:14:00,-4.0,
2416,2022-01-06 07:15:00,-4.0,
2417,2022-01-06 07:16:00,-4.0,
2418,2022-01-06 07:17:00,-4.0,
2419,2022-01-06 07:18:00,-4.0,
2420,2022-01-06 07:19:00,-4.0,
2421,2022-01-06 07:20:00,-4.0,
2422,2022-01-06 07:21:00,-4.0,
2423,2022-01-06 07:22:00,-4.0,
2424,2022-01-06 07:23:00,-4.0,
2425,2022-01-06 07:24:00,-4.0,
2426,2022-01-06 07:25:00,-4.0,
2427,2022-01-06 07:26:00,-4.0,
2428,2022-01-06 07:27:00,-4.0,
2429,2022-01-06 07:28:00,-4.0,
2430,2022-01-06 07:29:00,-4.0,
2431,2022-01-06 07:30:00,-4.0,
2432,2022-01-06 07:31:00,-4.0,
2433,2022-01-06 07:32:00,-4.0,
2434,2022-01-06 07:33:00,-4.0,
2435,2022-01-06 07:34:00,-4.0,
2436,2022-01-06 07:35:00,-4.0,
2437,2022-01-06 07:36:00,-4.0,
2438,2022-01-06 07:37:00,-4.0,
2439,2022-01-06 07:38:00,-4.0,
2440,2022-01-06 07:39:00,-4.0,
2441,2022-01-06 07:40:00,-4.0,
2442,2022-01-06 07:41:00,-4.0,
2443,2022-01-06 07:42:00,-4.0,
2444,2022-01-06 07:43:00,-4.0,
2445,2022-01-06 07:44:00,-4.0,
2446,2022-01-06 07:45:00,-4.0,
2447,2022-01-06 07:46:00,-4.0,
2448,2022-01-06 07:47:00,-4.0,
2449,2022-01-06 07:48:00,-4.0,
2450,2022-01-06 07:49:00,-4.0,
2451,2022-01-06 07:50:00,-4.0,
2452,2022-01-06 07:51:00,-4.0,
2453,2022-01-06 07:52:00,-4.0,
2454,2022-01-06 07:53:00,-4.0,
2455,2022-01-06 07:54:00,-4.0,
2456,2022-01-06 07:55:00,-4.0,
2457,2022-01-06 07:56:00,-4.0,
2458,2022-01-06 07:57:00,-4.0,
2459,2022-01-06 07:58:00,-4.0,
2460,2022-01-06 07:59:00,-4.0,
2461,2022-01-06 08:00:00,-4.0,
2462,2022-01-06 08:01:00,-4.0,
2463,2022-01-06 08:02:00,-4.0,
2464,2022-01-06 08:03:00,-4.0,
2465,2022-01-06 08:04:00,-4.0,
2466,2022-01-06 08:05:00,-4.0,
2467,2022-01-06 08:06:00,-4.0,
2468,2022-01-06 08:07:00,-4.0,
2469,2022-01-06 08:08:00,-4.0,
2470,2022-01-06 08:09:00,-4.0,
2471,2022-01-06 08:10:00,-4.0,
2472,2022-01-06 08:11:00,-4.0,
2473,2022-01-06 08:12:00,-4.0,
2474,2022-01-06 08:13:00,-4.0,
2475,2022-01-06 08:14:00,-4.0,
2476,2022-01-06 08:15:00,-4.0,
2477,2022-01-06 08:16:00,-4.0,
2478,2022-01-06 08:17:00,-4.0,
2479,2022-01-06 08:18:00,-4.0,
2480,2022-01-06 08:19:00,-4.0,
2481,2022-01-06 08:20:00,-4.0,
2482,2022-01-06 08:21:00,-4.0,
2483,2022-01-06 08:22:00,-4.0,
2484,2022-01-06 08:23:00,-4.0,
2485,2022-01-06 08:24:00,-4.0,
2486,2022-01-06 08:25:00,-4.0,
2487,2022-01-06 08:26:00,-4.0,
2488,2022-01-06 08:27:00,-4.0,
2489,2022-01-06 08:28:00,-4.0,
2490,2022-01-06 08:29:00,-4.0,
2491,2022-01-06 08:30:00,-4.0,
2492,2022-01-06 08:31:00,-4.0,
2493,2022-01-06 08:32:00,-4.0,
2494,2022-01-06 08:33:00,-4.0,
2495,2022-01-06 08:34:00,-4.0,
2496,2022-01-06 08:35:00,-4.0,
2497,2022-01-06 08:36:00,-4.0,
2498,2022-01-06 08:37:00,-4.0,
2499,2022-01-06 08:38:00,-4.0,
2500,2022-01-06 08:39:00,-4.0,
2501,2022-01-06 08:40:00,-4.0,
2502,2022-01-06 08:41:00,-4.0,
2503,2022-01-06 08:42:00,-4.0,
2504,2022-01-06 08:43:00,-4.0,
2505,2022-01-06 08:44:00,-4.0,
2506,2022-01-06 08:45:00,-4.0,
2507,2022-01-06 08:46:00,-4.0,
2508,2022-01-06 08:47:00,-4.0,
2509,2022-01-06 08:48:00,-4.0,
2510,2022-01-06 08:49:00,-4.0,
2511,2022-01-06 08:50:00,-4.0,
2512,2022-01-06 08:51:00,-4.0,
2513,2022-01-06 08:52:00,-4.0,
2514,2022-01-06 08:53:00,-4.0,
2515,2022-01-06 08:54:00,-4.0,
2516,2022-01-06 08:55:00,-4.0,
2517,2022-01-06 08:56:00,-4.0,
2518,2022-01-06 08:57:00,-4.0,
2519,2022-01-06 08:58:00,-4.0,
2520,2022-01-06 08:59:00,-4.0,
2521,2022-01-06 09:00:00,-4.0,
2522,2022-01-06 09:01:00,-4.0,
2523,2022-01-06 09:02:00,-4.0,
2524,2022-01-06 09:03:00,-4.0,
2525,2022-01-06 09:04:00,-4.0,
2526,2022-01-06 09:05:00,-4.0,
2527,2022-01-06 09:06:00,-4.0,
2528,2022-01-06 09:07:00,-4.0,
2529,2022-01-06 09:08:00,-4.0,
2530,2022-01-06 09:09:00,-4.0,
2531,2022-01-06 09:10:00,-4.0,
2532,2022-01-06 09:11:00,-4.0,
2533,2022-01-06 09:12:00,-4.0,
2534,2022-01-06 09:13:00,-4.0,
2535,2022-01-06 09:14:00,-4.0,
2536,2022-01-06 09:15:00,-4.0,
2537,2022-01-06 09:16:00,-4.0,
2538,2022-01-06 09:17:00,-4.0,
2539,2022-01-06 09:18:00,-4.0,
2540,2022-01-06 09:19:00,-4.0,
2541,2022-01-06 09:20:00,-4.0,
2542,2022-01-06 09:21:00,-4.0,
2543,2022-01-06 09:22:00,-4.0,
2544,2022-01-06 09:23:00,-4.0,
2545,2022-01-06 09:24:00,-4.0,
2546,2022-01-06 09:25:00,-4.0,
2547,2022-01-06 09:26:00,-4.0,
2548,2022-01-06 09:27:00,-4.0,
2549,2022-01-06 09:28:00,-4.0,
2550,2022-01-06 09:29:00,-4.0,
2551,2022-01-06 09:30:00,-4.0,
2552,2022-01-06 09:31:00,-4.0,
2553,2022-01-06 09:32:00,-4.0,
2554,2022-01-06 09:33:00,-4.0,
2555,2022-01-06 09:34:00,-4.0,
2556,2022-01-06 09:35:00,-4.0,
2557,2022-01-06 09:36:00,-4.0,
2558,2022-01-06 09:37:00,-4.0,
2559,2022-01-06 09:38:00,-4.0,
2560,2022-01-06 09:39:00,-4.0,
2561,2022-01-06 09:40:00,-4.0,
2562,2022-01-06 09:41:00,-4.0,
2563,2022-01-06 09:42:00,-4.0,
2564,2022-01-06 09:43:00,-4.0,
2565,2022-01-06 09:44:00,-0.5,
2566,2022-01-06 09:45:00,3.5,
2567,2022-01-06 09:46:00,6.0,
2568,2022-01-06 09:47:00,7.5,
2569,2022-01-06 09:48:00,8.5,
2570,2022-01-06 09:49:00,9.5,
2571,2022-01-06 09:50:00,10.5,
2572,2022-01-06 09:51:00,11.0,
2573,2022-01-06 09:52:00,12.0,
2574,2022-01-06 09:53:00,12.5,
